id,GBRMPA Zone Types
10-330,Dark Blue Zone
10-331,Light Blue Zone
10-332,Dark Blue Zone
10-333,Dark Blue Zone
10-334,Light Blue Zone
10-335,Dark Blue Zone
10-336,Dark Blue Zone
10-337,Dark Blue Zone
10-338,Dark Blue Zone
10-339,Dark Blue Zone
10-340,Dark Blue Zone
10-341,Dark Blue Zone
10-342,
10-299,Dark Blue Zone
10-316,
10-317,
10-318a,
10-318b,Dark Blue Zone
10-318c,
10-318d,Dark Blue Zone
10-320,
10-321,Commonwealth Island Zone
10-322,Light Blue Zone
10-323,Dark Blue Zone
10-324,Dark Blue Zone
10-325,
10-326,
10-327,Dark Blue Zone
10-328,Dark Blue Zone
10-329,Dark Blue Zone
10-401,Light Blue Zone
10-402,Green Zone
10-403,Green Zone
10-404,Dark Blue Zone
10-405,Light Blue Zone
10-406,Dark Blue Zone
10-407a,Dark Blue Zone
10-343a,Dark Blue Zone
10-343b,Dark Blue Zone
10-344,Dark Blue Zone
10-348,
10-349,Dark Blue Zone
10-350,Dark Blue Zone
10-351,Dark Blue Zone
10-352,Dark Blue Zone
10-353,Dark Blue Zone
10-354,Light Blue Zone
10-355,Dark Blue Zone
10-356,Dark Blue Zone
10-357,Dark Blue Zone
10-358,Dark Blue Zone
10-359,Light Blue Zone
10-360,Dark Blue Zone
10-361,Green Zone
10-362,Dark Blue Zone
10-363,Light Blue Zone
10-364,Dark Blue Zone
10-365,Dark Blue Zone
10-366,Light Blue Zone
10-367,Green Zone
10-368,Dark Blue Zone
10-369,Light Blue Zone
10-370,Light Blue Zone
10-371,Dark Blue Zone
10-372,Dark Blue Zone
10-373,Dark Blue Zone
10-374,Light Blue Zone
10-375a,Light Blue Zone
10-375b,Light Blue Zone
10-376,Dark Blue Zone
10-378,Green Zone
10-381,Green Zone
10-382,Dark Blue Zone
10-384,Green Zone
10-385,Green Zone
10-386,Green Zone
10-387,Dark Blue Zone
10-389,Green Zone
10-390,Green Zone
10-391,Green Zone
10-392,Dark Blue Zone
10-393,Light Blue Zone
10-394,Dark Blue Zone
10-395,Light Blue Zone
10-396,Light Blue Zone
10-397,Light Blue Zone
10-398,Green Zone
10-399,Green Zone
10-400,Green Zone
10-426,Dark Blue Zone
10-427,Light Blue Zone
10-428a,Green Zone
10-428b,Green Zone
10-430,Dark Blue Zone
10-431,Dark Blue Zone
10-432,Dark Blue Zone
10-434,Dark Blue Zone
10-436,Green Zone
10-437,Green Zone
10-438,Light Blue Zone
10-439,Light Blue Zone
10-440,Light Blue Zone
10-441,Light Blue Zone
10-442,Light Blue Zone
10-443,Green Zone
10-444,Dark Blue Zone
10-445,Dark Blue Zone
10-800,Dark Blue Zone
10-801,Dark Blue Zone
10-807,
10-407b,Dark Blue Zone
10-408,Green Zone
10-409,Light Blue Zone
10-410,Dark Blue Zone
10-411,Dark Blue Zone
10-411b,Green Zone
10-412,Dark Blue Zone
10-413,Green Zone
10-414,Dark Blue Zone
10-415,Green Zone
10-416a,Dark Blue Zone
10-416b,Dark Blue Zone
10-417,Green Zone
10-418a,Dark Blue Zone
10-418b,Dark Blue Zone
10-419a,Dark Blue Zone
10-419b,Dark Blue Zone
10-420,Dark Blue Zone
10-421,Light Blue Zone
10-422,Light Blue Zone
10-423,Green Zone
10-424,Light Blue Zone
10-425,Green Zone
11-034,Green Zone
11-001,Dark Blue Zone
11-002,
11-003,Dark Blue Zone
11-004,Dark Blue Zone
11-005,Dark Blue Zone
11-006,Dark Blue Zone
11-007,Dark Blue Zone
11-008,Dark Blue Zone
11-009,Dark Blue Zone
11-010,Dark Blue Zone
11-011a,Dark Blue Zone
11-011b,Dark Blue Zone
11-012,Green Zone
11-013,Green Zone
11-014,Green Zone
11-015,Green Zone
11-016,Dark Blue Zone
11-017,Light Blue Zone
11-018,Light Blue Zone
11-019,Dark Blue Zone
11-020,Light Blue Zone
11-021,Light Blue Zone
11-022,Light Blue Zone
11-023,Light Blue Zone
11-024,Light Blue Zone
11-025,Dark Blue Zone
11-026,Green Zone
11-027,Green Zone
11-028,Light Blue Zone
11-029,Dark Blue Zone
11-030,Light Blue Zone
11-031,Light Blue Zone
11-032,Light Blue Zone
11-033a,Light Blue Zone
11-033b,Light Blue Zone
11-048b,Green Zone
11-049,Green Zone
11-050,Green Zone
11-051,Green Zone
11-052,Green Zone
11-053,Green Zone
11-054,Green Zone
11-055,Green Zone
11-035,Pink Zone
11-036,Dark Blue Zone
11-037,Dark Blue Zone
11-038,Green Zone
11-039,Dark Blue Zone
11-040,Dark Blue Zone
11-041a,Light Blue Zone
11-041b,Light Blue Zone
11-042,Green Zone
11-043,Light Blue Zone
11-044,Light Blue Zone
11-045,Light Blue Zone
11-046,Green Zone
11-047,Green Zone
11-048a,Green Zone
11-071,Light Blue Zone
11-072,Green Zone
11-073,Green Zone
11-074,Green Zone
11-075,Green Zone
11-076,Green Zone
11-056a,Green Zone
11-056b,Green Zone
11-056c,Green Zone
11-056d,Green Zone
11-057,Green Zone
11-058,Pink Zone
11-059,Green Zone
11-060,Green Zone
11-061,Green Zone
11-062,Green Zone
11-063a,Light Blue Zone
11-063b,Light Blue Zone
11-064,Light Blue Zone
11-065,Light Blue Zone
11-066,Light Blue Zone
11-067,Light Blue Zone
11-068,Light Blue Zone
11-069,Light Blue Zone
11-070a,Green Zone
11-070b,Green Zone
11-070c,Green Zone
11-103,Green Zone
11-104,Green Zone
11-105,Green Zone
11-107,Green Zone
11-108,Green Zone
11-109a,Green Zone
11-109b,Green Zone
11-110,Green Zone
11-111,Green Zone
11-112,Dark Blue Zone
11-113,Dark Blue Zone
11-114,Dark Blue Zone
11-115,Dark Blue Zone
11-116,Dark Blue Zone
11-117,Dark Blue Zone
11-118a,Dark Blue Zone
11-118b,Dark Blue Zone
11-119,Dark Blue Zone
11-077,Green Zone
11-078,Green Zone
11-079,Green Zone
11-080,Green Zone
11-081,Green Zone
11-082,Green Zone
11-083,Green Zone
11-084,Green Zone
11-085,Green Zone
11-087a,Green Zone
11-087b,Green Zone
11-088,Green Zone
11-089a,Green Zone
11-089b,Green Zone
11-090,Green Zone
11-091,Pink Zone
11-092,Green Zone
11-093,Green Zone
11-094,Green Zone
11-095,Green Zone
11-096,Green Zone
11-097,Green Zone
11-098,Green Zone
11-099,Green Zone
11-100,Green Zone
11-101,Green Zone
11-102,Green Zone
11-157,Green Zone
11-158,Green Zone
11-120,Dark Blue Zone
11-121,Dark Blue Zone
11-122,Dark Blue Zone
11-123,Dark Blue Zone
11-124,Dark Blue Zone
11-125,Green Zone
11-126a,Green Zone
11-126b,Green Zone
11-127a,Green Zone
11-127b,Green Zone
11-128,Green Zone
11-129,Green Zone
11-130,Green Zone
11-131,Green Zone
11-132,Green Zone
11-133,Yellow Zone
11-134,Green Zone
11-135,Yellow Zone
11-136,Green Zone
11-137,Green Zone
11-138,Green Zone
11-139,Green Zone
11-140,Green Zone
11-141,Green Zone
11-142,Green Zone
11-143,Green Zone
11-144,
11-145,Green Zone
11-146,Green Zone
11-147,Green Zone
11-148,Green Zone
11-149,Green Zone
11-150,Green Zone
11-151,Green Zone
11-152,Green Zone
11-153,Green Zone
11-154,Green Zone
11-155,Green Zone
11-156,Green Zone
11-169,Green Zone
11-170,Light Blue Zone
11-171,Dark Blue Zone
11-172,Green Zone
11-173,Dark Blue Zone
11-174,Dark Blue Zone
11-175,Dark Blue Zone
11-176,Dark Blue Zone
11-177,Dark Blue Zone
11-178,Dark Blue Zone
11-179,Dark Blue Zone
11-180,Light Blue Zone
11-159,Green Zone
11-160,Green Zone
11-161,Green Zone
11-162,Green Zone
11-163,Green Zone
11-164,Green Zone
11-165,Green Zone
11-166,Green Zone
11-167,Green Zone
11-168,Light Blue Zone
11-223,Green Zone
11-224,Green Zone
11-225,Green Zone
11-226,Green Zone
11-227,Dark Blue Zone
11-228,Green Zone
11-181,Dark Blue Zone
11-182,Dark Blue Zone
11-183,Light Blue Zone
11-184a,Green Zone
11-184b,Green Zone
11-184c,Green Zone
11-185,Dark Blue Zone
11-186,Dark Blue Zone
11-187,Dark Blue Zone
11-188,Commonwealth Island Zone
11-189,Dark Blue Zone
11-190a,Dark Blue Zone
11-190b,Dark Blue Zone
11-190c,Dark Blue Zone
11-191,
11-192,Dark Blue Zone
11-193a,Dark Blue Zone
11-193b,Dark Blue Zone
11-194,Dark Blue Zone
11-195,Dark Blue Zone
11-196,Green Zone
11-197,Green Zone
11-200,Green Zone
11-201,Green Zone
11-202,Green Zone
11-203,Green Zone
11-204,Green Zone
11-205,Green Zone
11-206,Green Zone
11-207,Green Zone
11-208a,Green Zone
11-208b,Green Zone
11-209,Green Zone
11-210a,Green Zone
11-210b,Green Zone
11-211,Pink Zone
11-212,Green Zone
11-213,Green Zone
11-214,Green Zone
11-215,Green Zone
11-216,Green Zone
11-263,Green Zone
11-264,Dark Blue Zone
11-217,Green Zone
11-218,Green Zone
11-219,Green Zone
11-220,Green Zone
11-221,Green Zone
11-222b,Green Zone
11-243,Green Zone
11-244a,Green Zone
11-244b,Green Zone
11-244c,Green Zone
11-244d,Green Zone
11-245,Green Zone
11-246,Dark Blue Zone
11-247,Green Zone
11-248,Green Zone
11-249,Green Zone
11-250,Green Zone
11-251,Green Zone
11-252,Green Zone
11-253,Light Blue Zone
11-254,Light Blue Zone
11-255,Green Zone
11-256,Green Zone
11-257,Green Zone
11-258,Green Zone
11-259,Pink Zone
11-260,Green Zone
11-261,Dark Blue Zone
11-262,Green Zone
11-229a,Dark Blue Zone
11-229b,Dark Blue Zone
11-230,Dark Blue Zone
11-231,Dark Blue Zone
11-232,Dark Blue Zone
11-233,Dark Blue Zone
11-234,Dark Blue Zone
11-235,Dark Blue Zone
11-236,Dark Blue Zone
11-237a,Dark Blue Zone
11-237b,Dark Blue Zone
11-237c,Dark Blue Zone
11-238,Dark Blue Zone
11-239,Dark Blue Zone
11-240,Pink Zone
11-241,Dark Blue Zone
11-242,Green Zone
12-007,Dark Blue Zone
12-008,Green Zone
12-009,Dark Blue Zone
12-010,Dark Blue Zone
12-011,Dark Blue Zone
11-265,Green Zone
11-266,Dark Blue Zone
11-267,Dark Blue Zone
11-268,Dark Blue Zone
11-269,Green Zone
11-270,Green Zone
11-271,Light Blue Zone
11-272,Dark Blue Zone
11-273,Dark Blue Zone
11-274,Green Zone
11-275,Green Zone
11-276,Green Zone
11-277,Light Blue Zone
11-278,Green Zone
11-279,Green Zone
11-280,Green Zone
11-281,Green Zone
11-282,Green Zone
11-283,Green Zone
11-284,Green Zone
11-285,Green Zone
11-286,Green Zone
11-287,Green Zone
11-288,Green Zone
11-289,Green Zone
11-290,Green Zone
11-291,Green Zone
11-292,Green Zone
11-293,Green Zone
11-294,Green Zone
11-295,Green Zone
11-296,Green Zone
11-297,Green Zone
11-298,Green Zone
11-299,Green Zone
11-300,Dark Blue Zone
11-301,Green Zone
11-302,Green Zone
11-303,Green Zone
11-304,Green Zone
11-305,Green Zone
11-306,Green Zone
11-307,Green Zone
11-308,Green Zone
11-309,Green Zone
11-310,Green Zone
11-311,Green Zone
11-312,Green Zone
11-313,Green Zone
11-314,Dark Blue Zone
11-315,Light Blue Zone
11-316,Light Blue Zone
11-317,Light Blue Zone
11-318,Light Blue Zone
11-319,Light Blue Zone
11-320,Light Blue Zone
11-321,Light Blue Zone
11-322,Light Blue Zone
11-323,Light Blue Zone
11-324,Dark Blue Zone
11-800,Green Zone
12-001,Dark Blue Zone
12-002,Light Blue Zone
12-003a,Dark Blue Zone
12-003b,Dark Blue Zone
12-003c,Dark Blue Zone
12-003d,Dark Blue Zone
12-004,Dark Blue Zone
12-005,Dark Blue Zone
12-006,Dark Blue Zone
12-027c,Dark Blue Zone
12-028,Green Zone
12-029,Green Zone
12-030,Dark Blue Zone
12-031,Green Zone
12-032,Green Zone
12-033,Green Zone
12-034,Green Zone
12-035,Green Zone
12-036,Dark Blue Zone
12-037,Green Zone
12-038a,Green Zone
12-038b,Green Zone
12-039,Dark Blue Zone
12-040,Dark Blue Zone
12-041,Dark Blue Zone
12-042,Dark Blue Zone
12-043a,Dark Blue Zone
12-043b,Dark Blue Zone
12-012,Dark Blue Zone
12-013,Dark Blue Zone
12-014,Dark Blue Zone
12-015,Green Zone
12-016a,Dark Blue Zone
12-016b,Yellow Zone
12-016c,Dark Blue Zone
12-017,Green Zone
12-018,Green Zone
12-019,Dark Blue Zone
12-020,Dark Blue Zone
12-021,Yellow Zone
12-022,
12-023,Yellow Zone
12-024,Dark Blue Zone
12-025,Green Zone
12-026,Light Blue Zone
12-027,Dark Blue Zone
12-027a,Dark Blue Zone
12-096,Dark Blue Zone
12-097,Dark Blue Zone
12-098,Dark Blue Zone
12-099,Green Zone
12-100,Green Zone
12-101,Dark Blue Zone
12-044,Dark Blue Zone
12-045,Dark Blue Zone
12-046,Dark Blue Zone
12-047,Dark Blue Zone
12-048,Dark Blue Zone
12-049,Dark Blue Zone
12-050,Dark Blue Zone
12-051,Dark Blue Zone
12-052a,Green Zone
12-052b,Green Zone
12-053,Dark Blue Zone
12-054,Green Zone
12-055a,Green Zone
12-055b,Green Zone
12-056,Green Zone
12-057,Dark Blue Zone
12-058,Dark Blue Zone
12-059,Dark Blue Zone
12-060,Dark Blue Zone
12-061,Dark Blue Zone
12-062,Dark Blue Zone
12-063,Dark Blue Zone
12-064,Dark Blue Zone
12-065,Dark Blue Zone
12-066,Dark Blue Zone
12-067,Green Zone
12-068,Dark Blue Zone
12-069,Dark Blue Zone
12-070,Dark Blue Zone
12-071,Dark Blue Zone
12-072,Dark Blue Zone
12-073,Olive Green Zone
12-075,Green Zone
12-076,Dark Blue Zone
12-077,Dark Blue Zone
12-078,
12-080,Dark Blue Zone
12-081,Dark Blue Zone
12-082,Dark Blue Zone
12-083,Dark Blue Zone
12-084,
12-085,
12-086,Dark Blue Zone
12-087,Yellow Zone
12-088,Yellow Zone
12-089,Dark Blue Zone
12-091,Green Zone
12-092,Dark Blue Zone
12-093,Dark Blue Zone
12-094,Dark Blue Zone
12-095,Dark Blue Zone
12-122,Dark Blue Zone
12-123,Dark Blue Zone
12-124,Dark Blue Zone
12-125,Green Zone
12-126,Dark Blue Zone
12-127,Dark Blue Zone
12-129,Dark Blue Zone
12-130,Dark Blue Zone
12-131,Green Zone
12-132,Green Zone
12-133,Dark Blue Zone
12-134,Dark Blue Zone
12-135,Dark Blue Zone
12-136,Green Zone
12-137,Dark Blue Zone
12-138,Green Zone
12-139,Dark Blue Zone
12-141,Dark Blue Zone
12-102,Dark Blue Zone
12-103,Dark Blue Zone
12-104,Dark Blue Zone
12-105,Dark Blue Zone
12-106,Dark Blue Zone
12-107,Dark Blue Zone
12-108,Dark Blue Zone
12-109,Dark Blue Zone
12-110,Dark Blue Zone
12-111,Dark Blue Zone
12-112,Dark Blue Zone
12-113,Dark Blue Zone
12-114,Dark Blue Zone
12-115,Dark Blue Zone
12-116,Dark Blue Zone
12-118,Dark Blue Zone
12-119,Dark Blue Zone
12-120,Green Zone
12-121,Dark Blue Zone
13-036,Dark Blue Zone
13-037,Dark Blue Zone
13-038,Dark Blue Zone
13-040,Green Zone
13-041,Dark Blue Zone
12-142,Dark Blue Zone
12-143,Green Zone
12-144,Green Zone
12-145,Dark Blue Zone
12-146,Dark Blue Zone
12-148,Light Blue Zone
12-149,Dark Blue Zone
12-150,Dark Blue Zone
12-151,Green Zone
12-152,Green Zone
12-038c,Green Zone
12-154,Green Zone
13-001,Dark Blue Zone
13-002,Dark Blue Zone
13-004,Green Zone
13-005,Dark Blue Zone
13-006,Green Zone
13-007,Green Zone
13-008,Green Zone
13-009,Dark Blue Zone
13-010a,Dark Blue Zone
13-010b,Dark Blue Zone
13-011,Dark Blue Zone
13-012,Dark Blue Zone
13-013,Dark Blue Zone
13-014,Dark Blue Zone
13-015,Dark Blue Zone
13-016a,Dark Blue Zone
13-016b,Dark Blue Zone
13-017a,Green Zone
13-017b,Dark Blue Zone
13-017c,Dark Blue Zone
13-019,Dark Blue Zone
13-020,Dark Blue Zone
13-021,Dark Blue Zone
13-022,Dark Blue Zone
13-023,Dark Blue Zone
13-024,Dark Blue Zone
13-025,Dark Blue Zone
13-026,Dark Blue Zone
13-027,Dark Blue Zone
13-028,Green Zone
13-029,Yellow Zone
13-030,Yellow Zone
13-031,Green Zone
13-032,Dark Blue Zone
13-033,Dark Blue Zone
13-034,Dark Blue Zone
13-035,Dark Blue Zone
17-014,Green Zone
17-015,Dark Blue Zone
18-016,Green Zone
18-017,Green Zone
18-018,Dark Blue Zone
16-020a,Dark Blue Zone
16-020b,Dark Blue Zone
16-022a,Dark Blue Zone
16-022b,Dark Blue Zone
16-023,Dark Blue Zone
16-024,Dark Blue Zone
16-071,Green Zone
16-072,Pink Zone
16-073,Yellow Zone
16-074,Green Zone
16-075,Dark Blue Zone
16-076,Dark Blue Zone
17-016a,Dark Blue Zone
17-016b,Dark Blue Zone
17-017,Dark Blue Zone
17-018a,Dark Blue Zone
18-019,Green Zone
18-020,Green Zone
18-021,Green Zone
18-022,Green Zone
16-025,Green Zone
16-026,Dark Blue Zone
16-027,Dark Blue Zone
16-028,Green Zone
16-077,Dark Blue Zone
16-078,Dark Blue Zone
16-079,Dark Blue Zone
16-080,Yellow Zone
16-081,Yellow Zone
16-082,Yellow Zone
16-083,Yellow Zone
16-084,Yellow Zone
17-018b,Dark Blue Zone
17-020a,Dark Blue Zone
17-020b,Dark Blue Zone
17-021a,Dark Blue Zone
17-021b,Dark Blue Zone
17-023,Dark Blue Zone
18-023,Dark Blue Zone
18-024,Dark Blue Zone
18-025,Green Zone
16-029,Dark Blue Zone
16-030,Green Zone
16-031,Dark Blue Zone
16-032,Green Zone
16-033,Dark Blue Zone
16-034,Dark Blue Zone
16-085,Yellow Zone
16-086,Yellow Zone
16-087,
16-088,Dark Blue Zone
17-024,Dark Blue Zone
17-025,Dark Blue Zone
17-026,Dark Blue Zone
17-027,Green Zone
17-028,Green Zone
17-029a,Dark Blue Zone
17-029b,Dark Blue Zone
18-026,Dark Blue Zone
18-027,Yellow Zone
18-028,Yellow Zone
18-029,Dark Blue Zone
18-030,Green Zone
18-031,Green Zone
16-035,Dark Blue Zone
16-036,Dark Blue Zone
16-037,Yellow Zone
16-038,Yellow Zone
16-039a,Yellow Zone
16-039b,Yellow Zone
16-040,Dark Blue Zone
16-041,Dark Blue Zone
16-089,Yellow Zone
16-090,Green Zone
16-091,Light Blue Zone
16-092,Light Blue Zone
16-093,
16-095,Yellow Zone
17-030,Dark Blue Zone
17-031,Dark Blue Zone
17-032,Dark Blue Zone
17-033,Dark Blue Zone
17-034,Green Zone
17-035,Green Zone
15-059b,Green Zone
15-060,Dark Blue Zone
15-061,Dark Blue Zone
15-062,Dark Blue Zone
15-063,Dark Blue Zone
16-042,Green Zone
16-043a,Yellow Zone
16-043b,Yellow Zone
16-044a,Yellow Zone
16-044b,Yellow Zone
16-045a,Yellow Zone
16-045b,Green Zone
16-096,Dark Blue Zone
16-097,Dark Blue Zone
16-098,Dark Blue Zone
16-099,Dark Blue Zone
17-037,Dark Blue Zone
17-038,Dark Blue Zone
17-039,
17-040,Dark Blue Zone
17-041,Dark Blue Zone
15-064,Yellow Zone
15-065,Yellow Zone
15-066,Yellow Zone
15-067,Yellow Zone
16-046,Green Zone
16-047,Dark Blue Zone
16-100,Dark Blue Zone
16-102,Dark Blue Zone
16-103,Dark Blue Zone
16-104,
17-042,Dark Blue Zone
17-043a,Yellow Zone
17-043b,
17-043c,
17-044,Dark Blue Zone
15-068,Dark Blue Zone
15-069,Green Zone
15-070,Dark Blue Zone
15-071a,Dark Blue Zone
15-071b,Dark Blue Zone
15-071c,Dark Blue Zone
15-072,Green Zone
15-073,Green Zone
15-074,Dark Blue Zone
16-048,Dark Blue Zone
16-105,Dark Blue Zone
16-106,Dark Blue Zone
16-107,Dark Blue Zone
16-108,
17-045,Dark Blue Zone
17-046,Green Zone
17-047,Dark Blue Zone
17-048,Dark Blue Zone
17-049,Green Zone
17-050,Dark Blue Zone
15-075a,Green Zone
15-075b,Olive Green Zone
15-075c,Green Zone
15-076,Dark Blue Zone
15-077,Dark Blue Zone
15-078,Dark Blue Zone
15-079,Dark Blue Zone
16-049,Green Zone
16-051b,Yellow Zone
16-109,Dark Blue Zone
16-110,
16-111,
16-112,Dark Blue Zone
16-113,Dark Blue Zone
17-051,Green Zone
17-052,Dark Blue Zone
17-053,
17-054,Yellow Zone
17-055,Yellow Zone
15-080,Dark Blue Zone
15-081,Dark Blue Zone
15-082,Dark Blue Zone
15-083,Dark Blue Zone
15-084,Dark Blue Zone
15-085,Dark Blue Zone
16-051a,Yellow Zone
16-052,Dark Blue Zone
16-053,Green Zone
16-054a,
16-800,Dark Blue Zone
16-801,Dark Blue Zone
17-001a,Dark Blue Zone
17-056,
17-057,Dark Blue Zone
17-058,Dark Blue Zone
17-059a,Dark Blue Zone
17-059b,Dark Blue Zone
17-059c,Dark Blue Zone
15-086,Dark Blue Zone
15-087,Dark Blue Zone
15-088,Dark Blue Zone
15-089,Green Zone
15-090,Dark Blue Zone
15-091a,Dark Blue Zone
15-091b,Dark Blue Zone
15-092,Dark Blue Zone
16-054b,Yellow Zone
16-054c,Yellow Zone
16-054d,Yellow Zone
16-054e,Yellow Zone
16-054f,
17-001b,Dark Blue Zone
17-001c,Dark Blue Zone
17-001d,Dark Blue Zone
17-002a,Dark Blue Zone
17-002b,Dark Blue Zone
17-003a,Dark Blue Zone
17-003b,Green Zone
17-004,Green Zone
17-060,Dark Blue Zone
17-061,Dark Blue Zone
17-062,Dark Blue Zone
17-063a,Dark Blue Zone
17-063b,Dark Blue Zone
15-093,Yellow Zone
15-094,Dark Blue Zone
15-095,Dark Blue Zone
15-096,Green Zone
16-054g,
16-055,Commonwealth Island Zone
17-005,Green Zone
17-006,Dark Blue Zone
17-007,Green Zone
17-008,Dark Blue Zone
17-064,Green Zone
17-065,Dark Blue Zone
17-066,Dark Blue Zone
17-067,Dark Blue Zone
15-098,Dark Blue Zone
15-099a,Green Zone
15-099b,Green Zone
15-099c,Green Zone
15-099d,Green Zone
15-099e,Green Zone
15-800,Dark Blue Zone
15-801,Dark Blue Zone
16-001,Green Zone
16-056,Dark Blue Zone
16-057,Green Zone
17-009a,
17-068,Green Zone
17-069,Pink Zone
17-070,Dark Blue Zone
17-071,Dark Blue Zone
17-072,Dark Blue Zone
17-073,Dark Blue Zone
17-074,Dark Blue Zone
17-075,Dark Blue Zone
16-002,Green Zone
16-003,Yellow Zone
16-004,Yellow Zone
16-005,Dark Blue Zone
16-058,Dark Blue Zone
16-059,Green Zone
16-060,Green Zone
16-061,Dark Blue Zone
16-062a,Dark Blue Zone
17-010,Yellow Zone
17-011,Dark Blue Zone
17-012,Green Zone
17-076,Light Blue Zone
18-001,
18-003,
18-004,
18-005,Green Zone
16-006,
16-007,Dark Blue Zone
16-008a,Dark Blue Zone
16-062b,Dark Blue Zone
16-062c,Dark Blue Zone
16-063,Pink Zone
16-064,Dark Blue Zone
16-065,Yellow Zone
17-012b,Yellow Zone
17-013,Commonwealth Island Zone
18-006,
18-007,Dark Blue Zone
18-008,Green Zone
18-009,Green Zone
16-008b,Dark Blue Zone
16-009a,Dark Blue Zone
16-009b,Dark Blue Zone
16-010,Yellow Zone
16-011,Dark Blue Zone
16-012a,Dark Blue Zone
16-012b,Dark Blue Zone
16-013a,Green Zone
16-013b,Green Zone
16-066a,Dark Blue Zone
16-066b,Dark Blue Zone
16-067,Green Zone
16-068,Yellow Zone
16-069,Dark Blue Zone
16-070,Dark Blue Zone
18-010,
18-011,Yellow Zone
18-013,Yellow Zone
18-014,
18-015,
16-013c,Green Zone
16-014a,Dark Blue Zone
16-014b,Dark Blue Zone
16-015,Dark Blue Zone
16-016,Dark Blue Zone
16-017,Dark Blue Zone
16-018a,Dark Blue Zone
16-018b,Dark Blue Zone
16-019,Dark Blue Zone
14-118,Green Zone
14-119a,Green Zone
14-119b,Green Zone
14-120a,
15-033,Green Zone
15-034,Green Zone
15-035,Green Zone
15-036,Green Zone
15-037,Green Zone
15-038,Dark Blue Zone
13-107,Dark Blue Zone
13-108,Green Zone
14-051,Green Zone
14-052,Green Zone
14-053,Green Zone
14-054,Green Zone
14-120b,Green Zone
14-120c,Green Zone
14-120d,Green Zone
14-120e,Green Zone
14-120f,
14-120g,Green Zone
15-039,Pink Zone
15-040,Green Zone
15-041,Green Zone
15-042,Green Zone
15-043,Dark Blue Zone
15-044,Dark Blue Zone
13-109,Light Blue Zone
13-110,Yellow Zone
13-111,Dark Blue Zone
13-112,Yellow Zone
13-113,Dark Blue Zone
13-114,Yellow Zone
14-055,Green Zone
14-056,Dark Blue Zone
14-057a,Green Zone
14-057b,Green Zone
14-057c,Green Zone
14-058,Green Zone
14-059,Green Zone
14-060,Yellow Zone
14-120h,Green Zone
14-120j,Green Zone
14-121,Dark Blue Zone
14-122a,
14-122b,Dark Blue Zone
14-123,Dark Blue Zone
15-045,Dark Blue Zone
15-046,Dark Blue Zone
15-047,Dark Blue Zone
15-048,Dark Blue Zone
15-049,Dark Blue Zone
15-050,Dark Blue Zone
13-116,Dark Blue Zone
13-117a,Dark Blue Zone
13-117b,Dark Blue Zone
13-118a,Dark Blue Zone
13-118b,Dark Blue Zone
14-061,Green Zone
14-062,Dark Blue Zone
14-063,Green Zone
14-124,Green Zone
14-125,Dark Blue Zone
14-126,Dark Blue Zone
14-127a,Green Zone
14-127b,Green Zone
14-128,Dark Blue Zone
14-129a,Green Zone
14-129b,Green Zone
15-051,Dark Blue Zone
15-052,Dark Blue Zone
15-053,Dark Blue Zone
15-054,Dark Blue Zone
15-055,Dark Blue Zone
15-056,Dark Blue Zone
15-057,Dark Blue Zone
15-058,Dark Blue Zone
15-059a,Yellow Zone
13-119,Dark Blue Zone
13-120,Dark Blue Zone
13-121,Dark Blue Zone
14-064,Dark Blue Zone
14-065,
14-131,Green Zone
14-132a,Green Zone
14-132b,Dark Blue Zone
14-132c,Green Zone
14-133,Dark Blue Zone
14-134,Dark Blue Zone
13-042,Dark Blue Zone
13-043,Dark Blue Zone
13-045,Dark Blue Zone
13-048,Dark Blue Zone
13-049,Dark Blue Zone
13-122,Dark Blue Zone
13-123,Dark Blue Zone
13-124,Dark Blue Zone
13-125,Dark Blue Zone
14-066,Dark Blue Zone
14-067,Green Zone
14-068,Dark Blue Zone
14-069,Dark Blue Zone
14-070,Green Zone
14-135,Dark Blue Zone
14-136a,
14-136b,
14-137,Pink Zone
14-138,Orange Zone
14-139,Green Zone
14-140,Green Zone
13-050a,Green Zone
13-050b,Dark Blue Zone
13-051,Dark Blue Zone
13-052,Dark Blue Zone
13-053,Dark Blue Zone
13-054,Dark Blue Zone
13-126,Green Zone
13-127,Dark Blue Zone
13-128,Dark Blue Zone
13-129,Dark Blue Zone
13-130,Dark Blue Zone
13-131,Green Zone
13-132,Green Zone
14-071a,Green Zone
14-071b,Green Zone
14-072,Dark Blue Zone
14-073,Dark Blue Zone
14-074,Dark Blue Zone
14-075,Dark Blue Zone
14-076,Dark Blue Zone
14-141,Dark Blue Zone
14-142,Dark Blue Zone
14-143,Orange Zone
14-144,Dark Blue Zone
14-145,Dark Blue Zone
13-055,Dark Blue Zone
13-056,Green Zone
13-057a,Green Zone
13-057b,Green Zone
13-058a,Green Zone
13-058b,Green Zone
13-133,Dark Blue Zone
13-134,Dark Blue Zone
13-135,Dark Blue Zone
13-136,Dark Blue Zone
13-137,Light Blue Zone
14-001,Yellow Zone
14-002,Light Blue Zone
14-077a,Dark Blue Zone
14-077b,Dark Blue Zone
14-078,Dark Blue Zone
14-079,Dark Blue Zone
14-080,Dark Blue Zone
14-081,Dark Blue Zone
14-146,Green Zone
14-147a,
14-147b,Olive Green Zone
13-059,Dark Blue Zone
13-060,Dark Blue Zone
13-061a,Pink Zone
13-061b,Green Zone
14-003,Green Zone
14-004,Light Blue Zone
14-005,Light Blue Zone
14-006,Dark Blue Zone
14-007,Light Blue Zone
14-082,Dark Blue Zone
14-083,Dark Blue Zone
14-084,Dark Blue Zone
14-085,Pink Zone
14-149,Dark Blue Zone
14-150,Dark Blue Zone
14-151,Green Zone
14-152,Green Zone
14-153a,Olive Green Zone
14-153b,Olive Green Zone
13-061c,Green Zone
13-062,Green Zone
13-063,Dark Blue Zone
13-064,Light Blue Zone
13-065,Light Blue Zone
13-066,Light Blue Zone
13-068,Green Zone
13-069,Green Zone
13-070,Green Zone
13-071,Light Blue Zone
14-008,Dark Blue Zone
14-009,Light Blue Zone
14-010,Yellow Zone
14-011,Light Blue Zone
14-012,Green Zone
14-013,Green Zone
14-014,Green Zone
14-015,Green Zone
14-086,Dark Blue Zone
14-087,Dark Blue Zone
14-088,Dark Blue Zone
14-089,Orange Zone
14-154,Dark Blue Zone
14-159a,Green Zone
14-159b,Green Zone
14-160,Green Zone
14-161,Green Zone
14-162,
14-163,Green Zone
15-001,Dark Blue Zone
13-072,Dark Blue Zone
13-073,Green Zone
13-074,Green Zone
13-075,Dark Blue Zone
14-016,Green Zone
14-017,Green Zone
14-018,Green Zone
14-019,Light Blue Zone
14-020,Light Blue Zone
14-090,
14-091,
15-002,Dark Blue Zone
15-003,
15-004a,Yellow Zone
15-004b,Yellow Zone
15-004c,Yellow Zone
13-076,Green Zone
13-077,Green Zone
14-022,Dark Blue Zone
14-023,Light Blue Zone
14-024,Yellow Zone
14-025,Yellow Zone
14-026a,Yellow Zone
14-092,
14-093,
14-094,
14-096,Green Zone
14-097,Commonwealth Island Zone
15-005,Green Zone
15-006,Dark Blue Zone
15-007,Yellow Zone
15-008,Yellow Zone
15-009,Dark Blue Zone
15-011,Dark Blue Zone
13-078,Dark Blue Zone
13-079a,Dark Blue Zone
13-079b,Dark Blue Zone
13-079c,Dark Blue Zone
14-026b,Yellow Zone
14-026c,Yellow Zone
14-026d,
14-026e,Yellow Zone
14-028,Green Zone
14-029,Yellow Zone
14-098a,Dark Blue Zone
14-098b,Dark Blue Zone
14-099,
14-100,Pink Zone
14-101,Green Zone
14-102,
14-103,Green Zone
15-012,Yellow Zone
15-013,Yellow Zone
15-014a,Dark Blue Zone
15-014b,Dark Blue Zone
15-015,Dark Blue Zone
15-016,Dark Blue Zone
15-017a,Dark Blue Zone
15-017b,Dark Blue Zone
15-017c,Dark Blue Zone
13-080,Dark Blue Zone
13-081,Dark Blue Zone
13-083,
13-084,Dark Blue Zone
13-085,Dark Blue Zone
13-086,Dark Blue Zone
14-031,
14-032,Yellow Zone
14-033a,
14-033b,Yellow Zone
14-034,Green Zone
14-035,Green Zone
14-036,Light Blue Zone
14-037,Light Blue Zone
14-104,Green Zone
14-105,
14-106,Green Zone
14-107a,Green Zone
14-107b,Green Zone
14-108,Green Zone
14-109,Dark Blue Zone
14-110,Dark Blue Zone
14-111,Dark Blue Zone
14-112,Dark Blue Zone
15-018,Dark Blue Zone
15-019,Dark Blue Zone
15-020,Dark Blue Zone
15-021a,Dark Blue Zone
15-021b,Dark Blue Zone
15-022,Dark Blue Zone
15-023,Dark Blue Zone
13-087,Dark Blue Zone
13-088,Dark Blue Zone
13-089,Dark Blue Zone
13-091,Dark Blue Zone
14-038,Dark Blue Zone
14-039,Green Zone
14-040,Light Blue Zone
14-113,Dark Blue Zone
14-114,Orange Zone
14-115,Green Zone
15-024,Dark Blue Zone
15-025,Dark Blue Zone
15-026,Dark Blue Zone
15-027,Dark Blue Zone
13-092,Dark Blue Zone
13-093a,Dark Blue Zone
13-093b,Dark Blue Zone
13-093c,Dark Blue Zone
13-095,Dark Blue Zone
13-096,Dark Blue Zone
14-042a,Yellow Zone
14-042b,Yellow Zone
14-042c,Yellow Zone
14-043,Green Zone
14-044,Green Zone
14-045,Green Zone
14-046,Green Zone
14-116a,Orange Zone
14-116b,
14-116d,Orange Zone
15-028,Dark Blue Zone
15-029,Pink Zone
15-030,Dark Blue Zone
15-031,Dark Blue Zone
15-032,Pink Zone
13-097,Commonwealth Island Zone
13-100,Green Zone
13-101a,Yellow Zone
13-101b,Yellow Zone
13-101c,Yellow Zone
13-102,Yellow Zone
13-104,Dark Blue Zone
13-105,Yellow Zone
14-047,Green Zone
14-048,Green Zone
14-049,Green Zone
14-050,Green Zone
14-116c,Orange Zone
14-117,Dark Blue Zone
20-058a,Dark Blue Zone
20-058b,Dark Blue Zone
20-059,Dark Blue Zone
20-060a,Yellow Zone
20-078d,Yellow Zone
20-078e,Green Zone
20-041l,Yellow Zone
20-041m,Yellow Zone
20-060b,Yellow Zone
20-060c,
20-078f,Green Zone
20-078g,Green Zone
20-017,Green Zone
20-018,Dark Blue Zone
20-019,Yellow Zone
20-041n,Yellow Zone
20-041p,Dark Blue Zone
20-060d,Yellow Zone
20-060e,Green Zone
20-060f,Yellow Zone
20-078h,Green Zone
20-079,
20-020,Dark Blue Zone
20-041q,Dark Blue Zone
20-041r,Dark Blue Zone
20-041t,Dark Blue Zone
20-041u,Yellow Zone
20-041v,Yellow Zone
20-060g,Yellow Zone
20-060h,Yellow Zone
20-080,Dark Blue Zone
20-081,
20-021,Dark Blue Zone
20-022,Green Zone
20-041w,Yellow Zone
20-041x,Yellow Zone
20-041y,Yellow Zone
20-041z,Yellow Zone
20-061,Green Zone
19-267,Green Zone
19-268,Green Zone
19-269,Dark Blue Zone
19-270,Dark Blue Zone
19-271,Dark Blue Zone
19-272,Dark Blue Zone
19-273,Dark Blue Zone
19-274,Dark Blue Zone
19-275,Light Blue Zone
19-276,Dark Blue Zone
19-277,Dark Blue Zone
19-278,Dark Blue Zone
20-023,Green Zone
20-041,
20-042a,
20-042b,Yellow Zone
20-062b,Dark Blue Zone
20-063,Green Zone
19-279,Dark Blue Zone
19-280,Light Blue Zone
19-281,Green Zone
19-282,Green Zone
19-283,Green Zone
19-284,Green Zone
19-285,Dark Blue Zone
19-286,Dark Blue Zone
19-287,Dark Blue Zone
19-288,Green Zone
19-289,Dark Blue Zone
19-290,Dark Blue Zone
20-024,Yellow Zone
20-042c,
20-042d,Yellow Zone
20-043,Yellow Zone
19-291,Green Zone
19-292,Green Zone
19-293,Dark Blue Zone
19-294,Dark Blue Zone
19-295,Green Zone
19-296,Light Blue Zone
19-297,Dark Blue Zone
19-298,Dark Blue Zone
19-299,Dark Blue Zone
19-300,Dark Blue Zone
20-025b,Dark Blue Zone
20-026,Dark Blue Zone
20-044,
20-045,Dark Blue Zone
20-065a,Green Zone
20-065b,Green Zone
20-065c,Green Zone
20-066,Green Zone
20-067a,Green Zone
19-301,Dark Blue Zone
19-302,Dark Blue Zone
19-303,Dark Blue Zone
19-304,Dark Blue Zone
19-305,Dark Blue Zone
19-306,Green Zone
19-307,Dark Blue Zone
20-027,Dark Blue Zone
20-028a,Yellow Zone
20-028b,Dark Blue Zone
20-028c,Dark Blue Zone
20-028d,Yellow Zone
20-028e,
20-028f,
20-046,Dark Blue Zone
20-047,Dark Blue Zone
20-067b,Green Zone
20-067c,Green Zone
19-308,Dark Blue Zone
19-309,Dark Blue Zone
19-310,Dark Blue Zone
19-311,Dark Blue Zone
19-312,Light Blue Zone
20-028g,Green Zone
20-028h,
20-028j,Green Zone
20-028i,Dark Blue Zone
20-028l,Dark Blue Zone
20-029,Green Zone
20-048,
20-068a,
20-068b,
20-069,
19-802,Green Zone
20-001,
20-002,
20-003a,
20-030,Dark Blue Zone
20-031,Dark Blue Zone
20-032,Dark Blue Zone
20-033,
20-049a,
20-049b,
20-050,Dark Blue Zone
20-070,
20-003b,Yellow Zone
20-003c,Yellow Zone
20-003d,Yellow Zone
20-003e,Yellow Zone
20-003f,Yellow Zone
20-003g,Yellow Zone
20-034,
20-035a,
20-051,Dark Blue Zone
20-052,Dark Blue Zone
20-053,Yellow Zone
20-071,
20-072,
20-003h,Yellow Zone
20-035b,Yellow Zone
20-035c,Yellow Zone
20-035d,Yellow Zone
20-036,Dark Blue Zone
20-038,Light Blue Zone
20-039,Yellow Zone
20-040,
20-054,Green Zone
20-073,
20-074,
20-004,
20-005,
20-010b,Dark Blue Zone
20-007,Dark Blue Zone
20-008,
20-041a,Dark Blue Zone
20-041b,Dark Blue Zone
20-041c,Dark Blue Zone
20-041d,Dark Blue Zone
20-055,
20-056,Yellow Zone
20-075a,
20-009,
20-011,Dark Blue Zone
20-041e,Yellow Zone
20-041f,Yellow Zone
20-041g,Yellow Zone
20-057a,Yellow Zone
20-057b,Yellow Zone
20-075b,Dark Blue Zone
20-076,Yellow Zone
20-077,
20-078a,Yellow Zone
20-012,Pink Zone
20-013,Pink Zone
20-041h,Yellow Zone
20-041j,Yellow Zone
20-041k,
20-057c,Yellow Zone
20-057d,Yellow Zone
20-057e,Yellow Zone
20-078b,Yellow Zone
20-078c,Yellow Zone
20-014,Yellow Zone
20-015a,Dark Blue Zone
20-015b,
19-130,Dark Blue Zone
19-131a,Dark Blue Zone
19-131b,Dark Blue Zone
19-131c,Dark Blue Zone
19-131d,Dark Blue Zone
19-131e,Dark Blue Zone
19-131f,Dark Blue Zone
19-131g,Dark Blue Zone
19-132,Dark Blue Zone
19-133,Green Zone
19-134,Dark Blue Zone
19-135,Green Zone
19-227,Dark Blue Zone
19-228,Dark Blue Zone
19-229,Dark Blue Zone
19-230,Dark Blue Zone
19-231,Dark Blue Zone
19-232,Dark Blue Zone
19-233,Dark Blue Zone
19-234,Dark Blue Zone
19-235,Dark Blue Zone
19-236,Dark Blue Zone
19-237,Dark Blue Zone
19-238,Dark Blue Zone
18-095,Green Zone
18-096,Yellow Zone
18-097,Dark Blue Zone
18-098,Dark Blue Zone
18-099,Green Zone
18-100a,Dark Blue Zone
19-053,Green Zone
19-054,Green Zone
19-055,Green Zone
19-056,Green Zone
19-057,Green Zone
19-058,Green Zone
19-059,Green Zone
19-060,Green Zone
19-061,Pink Zone
19-136a,Yellow Zone
19-136b,Yellow Zone
19-136c,Yellow Zone
19-137,Green Zone
19-138,Dark Blue Zone
19-139,Dark Blue Zone
19-140,Green Zone
19-141,Dark Blue Zone
19-239,Dark Blue Zone
19-240,Dark Blue Zone
19-241,Dark Blue Zone
19-242,Dark Blue Zone
19-243,Dark Blue Zone
19-244,Dark Blue Zone
19-245,Dark Blue Zone
19-246,Dark Blue Zone
19-247,Green Zone
18-100b,Dark Blue Zone
18-101,Green Zone
18-102,Green Zone
18-103,Dark Blue Zone
18-104,Dark Blue Zone
18-105a,Dark Blue Zone
18-105b,Dark Blue Zone
18-106,Dark Blue Zone
19-062,Green Zone
19-063a,Green Zone
19-063b,Green Zone
19-064,Green Zone
19-065,Green Zone
19-066,Green Zone
19-142,Green Zone
19-143,Green Zone
19-144,Dark Blue Zone
19-145,Dark Blue Zone
19-146,Green Zone
19-147,Green Zone
19-148,Green Zone
19-149,Green Zone
19-150,Green Zone
19-248,Dark Blue Zone
19-249,Green Zone
19-250,Green Zone
19-251,Green Zone
19-252,Dark Blue Zone
19-253,Dark Blue Zone
19-254,Dark Blue Zone
18-107,Dark Blue Zone
18-108,Dark Blue Zone
18-109,Dark Blue Zone
18-110,Dark Blue Zone
18-111,Dark Blue Zone
18-112,Dark Blue Zone
18-113,Dark Blue Zone
18-114,Dark Blue Zone
18-115,Dark Blue Zone
18-116,Dark Blue Zone
18-117,Dark Blue Zone
19-067,Dark Blue Zone
19-068,Dark Blue Zone
19-069,Dark Blue Zone
19-070,Dark Blue Zone
19-071,Dark Blue Zone
19-151,Pink Zone
19-152,Pink Zone
19-153,Dark Blue Zone
19-154,Green Zone
19-155,Dark Blue Zone
19-156,Dark Blue Zone
19-157,Dark Blue Zone
19-158,Dark Blue Zone
19-255,Dark Blue Zone
19-256,Dark Blue Zone
19-257,Dark Blue Zone
19-258,Dark Blue Zone
19-259,Green Zone
19-260,Dark Blue Zone
19-261,Dark Blue Zone
19-262,Pink Zone
19-263,Pink Zone
19-264,Green Zone
19-265,Green Zone
19-266,Green Zone
18-118,Dark Blue Zone
18-119,Green Zone
18-120,Green Zone
18-121a,Green Zone
18-121b,Dark Blue Zone
18-122,Dark Blue Zone
18-123,Dark Blue Zone
18-124,Dark Blue Zone
19-072a,Dark Blue Zone
19-072b,Dark Blue Zone
19-072c,Dark Blue Zone
19-072d,Dark Blue Zone
19-159,Green Zone
19-160,Green Zone
19-161,Dark Blue Zone
19-162,Dark Blue Zone
19-163,Dark Blue Zone
19-164,Dark Blue Zone
18-032,Dark Blue Zone
18-033,Dark Blue Zone
18-034,Green Zone
18-035,Dark Blue Zone
18-036,Dark Blue Zone
18-125,Green Zone
18-126,Green Zone
18-127,Green Zone
18-128,Green Zone
18-129,Green Zone
18-130,Dark Blue Zone
18-131,Dark Blue Zone
18-132,Dark Blue Zone
18-133,Dark Blue Zone
18-134,Dark Blue Zone
19-072e,Dark Blue Zone
19-073,Dark Blue Zone
19-074a,Dark Blue Zone
19-074b,Dark Blue Zone
19-165,Dark Blue Zone
19-166,Green Zone
19-167,Green Zone
19-168,Dark Blue Zone
19-169,Dark Blue Zone
19-170,Dark Blue Zone
19-171,Dark Blue Zone
19-172,Dark Blue Zone
18-037,Yellow Zone
18-038,Dark Blue Zone
18-039,Green Zone
18-040,Dark Blue Zone
18-041,Green Zone
18-042,Dark Blue Zone
18-043,Dark Blue Zone
18-135,Green Zone
18-136,Green Zone
18-137,Green Zone
18-138,Dark Blue Zone
18-139,Dark Blue Zone
18-800,Dark Blue Zone
19-001,Dark Blue Zone
19-075,Dark Blue Zone
19-076,Dark Blue Zone
19-077,Green Zone
19-078,Green Zone
19-079,Dark Blue Zone
19-080,Dark Blue Zone
19-173,Dark Blue Zone
19-174,Dark Blue Zone
19-175,Green Zone
19-176,Green Zone
19-177,Dark Blue Zone
19-178,Green Zone
19-179,Dark Blue Zone
18-044,Dark Blue Zone
18-045,Pink Zone
18-046,Green Zone
18-048,
18-049a,Orange Zone
19-002,Dark Blue Zone
19-003,Dark Blue Zone
19-004,Dark Blue Zone
19-005,Dark Blue Zone
19-006,Dark Blue Zone
19-081,Dark Blue Zone
19-082,Dark Blue Zone
19-083,Dark Blue Zone
19-084,Dark Blue Zone
19-085,Dark Blue Zone
19-086,Dark Blue Zone
19-087,Dark Blue Zone
19-088,Dark Blue Zone
19-089,Dark Blue Zone
19-180,Dark Blue Zone
19-181,Dark Blue Zone
19-182,Dark Blue Zone
19-183,Dark Blue Zone
19-184,Dark Blue Zone
19-185,Dark Blue Zone
19-186,Dark Blue Zone
19-187,Dark Blue Zone
19-188,Dark Blue Zone
18-049b,Yellow Zone
18-049c,
18-049d,Green Zone
18-049e,Orange Zone
18-050,Dark Blue Zone
18-051,Green Zone
18-052a,Dark Blue Zone
19-009a,Yellow Zone
19-009b,Dark Blue Zone
19-009c,Green Zone
19-009d,Green Zone
19-009e,Green Zone
19-009f,Dark Blue Zone
19-090,Dark Blue Zone
19-091,Dark Blue Zone
19-092,Dark Blue Zone
19-093,Dark Blue Zone
19-094,Dark Blue Zone
19-095,Dark Blue Zone
19-189,Dark Blue Zone
19-190,Dark Blue Zone
19-191,Dark Blue Zone
19-192,Dark Blue Zone
19-193,Dark Blue Zone
18-052b,
18-053,Dark Blue Zone
18-054a,Dark Blue Zone
19-009g,Green Zone
19-009h,
19-009j,
19-010,Yellow Zone
19-011,Yellow Zone
19-012,Yellow Zone
19-013,Yellow Zone
19-096,Dark Blue Zone
19-097,Dark Blue Zone
19-194,Dark Blue Zone
19-195,Green Zone
19-196,Dark Blue Zone
19-197,Dark Blue Zone
19-198,Dark Blue Zone
19-199,Dark Blue Zone
18-054b,Yellow Zone
18-054c,
18-054d,Yellow Zone
18-054e,Yellow Zone
18-054f,Yellow Zone
18-054g,Yellow Zone
19-016,
19-018,Orange Zone
19-019,Dark Blue Zone
19-020,Dark Blue Zone
19-021,Dark Blue Zone
19-022,Green Zone
19-098,Dark Blue Zone
19-099,Dark Blue Zone
19-101,Yellow Zone
19-102,Dark Blue Zone
19-103a,
19-200,Dark Blue Zone
19-201,Dark Blue Zone
19-202,Dark Blue Zone
19-203,Dark Blue Zone
19-204,Dark Blue Zone
18-058,Dark Blue Zone
18-059,Dark Blue Zone
18-061,
18-062,Dark Blue Zone
18-064,Dark Blue Zone
19-023,Dark Blue Zone
19-024,Dark Blue Zone
19-025,Dark Blue Zone
19-026,Dark Blue Zone
19-027,Dark Blue Zone
19-028,Dark Blue Zone
19-029,Dark Blue Zone
19-103b,
19-106,Dark Blue Zone
19-205a,Dark Blue Zone
19-205b,Dark Blue Zone
19-205c,Dark Blue Zone
19-206,Green Zone
18-065,Dark Blue Zone
18-066,Dark Blue Zone
18-067,Dark Blue Zone
18-068,Dark Blue Zone
18-069a,Dark Blue Zone
18-069b,Dark Blue Zone
19-030,Dark Blue Zone
19-031,Dark Blue Zone
19-032,Dark Blue Zone
19-033,Dark Blue Zone
19-034,Dark Blue Zone
19-035,Dark Blue Zone
19-036,Dark Blue Zone
19-037,Dark Blue Zone
19-038a,Dark Blue Zone
19-107,Green Zone
19-108,Dark Blue Zone
19-109a,Green Zone
19-109b,Green Zone
19-207,Dark Blue Zone
19-208,Dark Blue Zone
19-209,Dark Blue Zone
19-210,Dark Blue Zone
18-070,Pink Zone
18-071,Green Zone
18-072,Dark Blue Zone
18-073,Dark Blue Zone
18-074,Green Zone
18-075,Yellow Zone
18-076,Green Zone
18-077,Dark Blue Zone
19-038b,Dark Blue Zone
19-038c,Dark Blue Zone
19-038d,Dark Blue Zone
19-038e,Dark Blue Zone
19-109c,Green Zone
19-110,
19-111,Dark Blue Zone
19-112,Dark Blue Zone
19-113,Green Zone
19-211,Dark Blue Zone
19-212,Dark Blue Zone
19-213,Dark Blue Zone
19-214,Dark Blue Zone
19-215a,Dark Blue Zone
19-215b,Dark Blue Zone
19-215c,Dark Blue Zone
18-078,Dark Blue Zone
18-079,Dark Blue Zone
18-080,Green Zone
18-081,Green Zone
18-082,Green Zone
18-083,Green Zone
19-038f,Dark Blue Zone
19-039,Dark Blue Zone
19-040,Dark Blue Zone
19-041,Dark Blue Zone
19-042,Light Blue Zone
19-114,Dark Blue Zone
19-115,Dark Blue Zone
19-116,Dark Blue Zone
19-117,Dark Blue Zone
19-118a,Dark Blue Zone
19-118b,Dark Blue Zone
19-118c,Dark Blue Zone
19-118d,Dark Blue Zone
19-215d,Dark Blue Zone
19-216,Dark Blue Zone
19-217,Dark Blue Zone
19-218,Dark Blue Zone
19-219,Dark Blue Zone
18-084a,Green Zone
18-084b,Green Zone
18-084c,Green Zone
18-085a,Green Zone
18-085b,Green Zone
18-086,Dark Blue Zone
18-087,Green Zone
19-043,Dark Blue Zone
19-044,Dark Blue Zone
19-045,Green Zone
19-118e,Dark Blue Zone
19-118f,Dark Blue Zone
19-119,Dark Blue Zone
19-120,Dark Blue Zone
19-121,Dark Blue Zone
19-122,Dark Blue Zone
19-123,Dark Blue Zone
19-124,Dark Blue Zone
19-220,Dark Blue Zone
19-221,Dark Blue Zone
19-222,Dark Blue Zone
19-223,Dark Blue Zone
19-224,Dark Blue Zone
19-225,Dark Blue Zone
19-226,Dark Blue Zone
18-088,Dark Blue Zone
18-089,Green Zone
18-090,Green Zone
18-091,Green Zone
18-092,Dark Blue Zone
18-093,Dark Blue Zone
18-094,Green Zone
19-046,Dark Blue Zone
19-047,Dark Blue Zone
19-048,Yellow Zone
19-049,Dark Blue Zone
19-050,Green Zone
19-051,Green Zone
19-052,Green Zone
19-125,Dark Blue Zone
19-126,Dark Blue Zone
19-127,Dark Blue Zone
19-128,Dark Blue Zone
19-129,Dark Blue Zone
20-608,Green Zone
20-609,Green Zone
20-610,Green Zone
20-611,Green Zone
20-612,Green Zone
20-613,Green Zone
20-614,Green Zone
20-615,Green Zone
20-616,Green Zone
20-617,Green Zone
20-618,Green Zone
20-619,Green Zone
21-045,
21-046,
21-047,
21-048,
20-342,Dark Blue Zone
20-343,Dark Blue Zone
20-344,Dark Blue Zone
20-345,Dark Blue Zone
20-346,Green Zone
20-347,Green Zone
20-348,Green Zone
20-349,Dark Blue Zone
20-350,Green Zone
20-444,Dark Blue Zone
20-445,Dark Blue Zone
20-446,Dark Blue Zone
20-447,Dark Blue Zone
20-448,Dark Blue Zone
20-449,Dark Blue Zone
20-450,Dark Blue Zone
20-451,Green Zone
20-620,Light Blue Zone
20-621,Light Blue Zone
20-622,Light Blue Zone
20-624,Light Blue Zone
21-049,
21-050,
21-051,
21-052,
20-351a,Green Zone
20-351b,Green Zone
20-351c,Green Zone
20-352,Dark Blue Zone
20-353,Green Zone
20-452,Green Zone
20-453,Dark Blue Zone
20-454,Dark Blue Zone
20-455,Dark Blue Zone
20-456,Dark Blue Zone
20-457,Green Zone
20-458,Dark Blue Zone
20-459,Dark Blue Zone
20-460,Dark Blue Zone
20-626,Light Blue Zone
20-628,
20-629,Dark Blue Zone
21-053,Green Zone
21-054,Dark Blue Zone
21-055,Dark Blue Zone
21-056a,Dark Blue Zone
21-056b,Dark Blue Zone
20-354,Green Zone
20-355,Green Zone
20-356,Green Zone
20-357,Dark Blue Zone
20-358,Dark Blue Zone
20-359,Dark Blue Zone
20-360,Dark Blue Zone
20-361,Dark Blue Zone
20-362,Dark Blue Zone
20-363,Dark Blue Zone
20-461,Dark Blue Zone
20-462,Dark Blue Zone
20-463,Dark Blue Zone
20-464,Dark Blue Zone
20-465,Dark Blue Zone
20-466,Green Zone
20-467,Dark Blue Zone
20-468,Green Zone
20-469,Dark Blue Zone
20-470,Dark Blue Zone
20-471,Dark Blue Zone
20-630,Dark Blue Zone
20-631,Dark Blue Zone
20-636,Green Zone
20-637,
21-056c,Light Blue Zone
21-056d,Light Blue Zone
21-057,Dark Blue Zone
21-058,Green Zone
20-364,Dark Blue Zone
20-365,Dark Blue Zone
20-366,Dark Blue Zone
20-367,Green Zone
20-368,Green Zone
20-369a,Dark Blue Zone
20-369b,Dark Blue Zone
20-369c,Dark Blue Zone
20-369d,Dark Blue Zone
20-472,Green Zone
20-473,Dark Blue Zone
20-474,Dark Blue Zone
20-475,Green Zone
20-476,Dark Blue Zone
20-477,Dark Blue Zone
20-478,Dark Blue Zone
20-479,Dark Blue Zone
20-480,Dark Blue Zone
20-638,Light Blue Zone
20-642,Yellow Zone
20-800,Light Blue Zone
20-295,Dark Blue Zone
20-296,Dark Blue Zone
20-297,Dark Blue Zone
20-370a,Green Zone
20-370b,Green Zone
20-371,Green Zone
20-372,Green Zone
20-373,Green Zone
20-374,Green Zone
20-375,Green Zone
20-481,Dark Blue Zone
20-482,Dark Blue Zone
20-483,Dark Blue Zone
20-484,Dark Blue Zone
20-485,Dark Blue Zone
20-486,Dark Blue Zone
20-487,Dark Blue Zone
20-488,Dark Blue Zone
20-489,Dark Blue Zone
20-490,Dark Blue Zone
20-803,
20-298,Dark Blue Zone
20-299a,Dark Blue Zone
20-299b,Dark Blue Zone
20-376,Green Zone
20-377,Pink Zone
20-378a,Pink Zone
20-378b,Green Zone
20-491,Green Zone
20-492,Dark Blue Zone
20-493,Dark Blue Zone
20-494,Dark Blue Zone
20-495,Dark Blue Zone
20-496,Dark Blue Zone
20-497,Dark Blue Zone
20-299c,Dark Blue Zone
20-299d,Dark Blue Zone
20-299e,Dark Blue Zone
20-299f,Dark Blue Zone
20-299g,Dark Blue Zone
20-299h,Dark Blue Zone
20-299j,Dark Blue Zone
20-379,Green Zone
20-380,Green Zone
20-381,Green Zone
20-382,Green Zone
20-383,Green Zone
20-384,Pink Zone
20-385,Dark Blue Zone
20-498,Dark Blue Zone
20-499,Dark Blue Zone
20-500,Dark Blue Zone
20-501,Dark Blue Zone
20-502,Dark Blue Zone
20-503,Dark Blue Zone
20-504,Dark Blue Zone
20-505,Dark Blue Zone
20-506,Dark Blue Zone
20-826,Yellow Zone
20-827,Yellow Zone
20-830,Green Zone
20-300,Dark Blue Zone
20-301a,Dark Blue Zone
20-301b,Dark Blue Zone
20-302,Dark Blue Zone
20-303,Light Blue Zone
20-386,Green Zone
20-387,Green Zone
20-388a,Dark Blue Zone
20-388b,Dark Blue Zone
20-388c,Dark Blue Zone
20-389,Dark Blue Zone
20-390,Dark Blue Zone
20-507,Dark Blue Zone
20-508,Dark Blue Zone
20-509,Dark Blue Zone
20-510,Dark Blue Zone
20-198,Green Zone
20-512,Dark Blue Zone
20-513,Dark Blue Zone
20-854,Green Zone
21-002,Dark Blue Zone
21-004,
21-005a,Dark Blue Zone
20-304,Dark Blue Zone
20-305,Dark Blue Zone
20-306,Dark Blue Zone
20-307,Dark Blue Zone
20-391,Dark Blue Zone
20-392,Dark Blue Zone
20-393,
20-394,Dark Blue Zone
20-395,Dark Blue Zone
20-396,Dark Blue Zone
20-514,Dark Blue Zone
20-515,Dark Blue Zone
20-516,Dark Blue Zone
20-517,Dark Blue Zone
20-518,Dark Blue Zone
20-519,Dark Blue Zone
20-520,Green Zone
20-521,Green Zone
20-522,Green Zone
21-005b,Dark Blue Zone
21-005c,Dark Blue Zone
21-005d,Dark Blue Zone
21-005e,Dark Blue Zone
21-005f,Dark Blue Zone
21-005g,Dark Blue Zone
21-006,
21-007,Dark Blue Zone
20-308,Dark Blue Zone
20-309,
20-310,Green Zone
20-397,Green Zone
20-398,Dark Blue Zone
20-399,Dark Blue Zone
20-400,Dark Blue Zone
20-401,Dark Blue Zone
20-402,Green Zone
20-523,Green Zone
20-524,Green Zone
20-527,Dark Blue Zone
20-531,Green Zone
20-540,Green Zone
20-543,Green Zone
20-545,Green Zone
20-546,Green Zone
20-548,Green Zone
20-370d,Green Zone
21-009,
21-012,
21-013,
21-014,
21-015,Dark Blue Zone
21-016,Dark Blue Zone
21-018,Dark Blue Zone
20-311,Dark Blue Zone
20-312,Green Zone
20-313,Dark Blue Zone
20-314,Dark Blue Zone
20-315a,Dark Blue Zone
20-315b,Dark Blue Zone
20-315c,Dark Blue Zone
20-316,Dark Blue Zone
20-317,Dark Blue Zone
20-318,Dark Blue Zone
20-403,
20-404,Yellow Zone
20-407,Dark Blue Zone
20-370c,Green Zone
20-553,Green Zone
20-555,Green Zone
20-556,Dark Blue Zone
20-557,Green Zone
20-558,Dark Blue Zone
20-559,Light Blue Zone
20-560,Pink Zone
20-561,Green Zone
20-562,Green Zone
20-563,Green Zone
21-019,Dark Blue Zone
21-020,Dark Blue Zone
21-021,
21-022,Dark Blue Zone
21-023,Dark Blue Zone
21-024,Dark Blue Zone
21-025,Yellow Zone
20-319,Dark Blue Zone
20-320,Dark Blue Zone
20-321,Green Zone
20-322,Dark Blue Zone
20-323,Dark Blue Zone
20-324,Dark Blue Zone
20-409,
20-410,Green Zone
20-411,Dark Blue Zone
20-412,Dark Blue Zone
20-564,Pink Zone
20-565,Green Zone
20-566,Dark Blue Zone
20-567,Dark Blue Zone
20-568,Dark Blue Zone
20-569,Dark Blue Zone
20-570,Green Zone
21-026,Commonwealth Island Zone
21-027,
21-029,Dark Blue Zone
20-325,Dark Blue Zone
20-326,Dark Blue Zone
20-327,Dark Blue Zone
20-328a,Dark Blue Zone
20-328b,Dark Blue Zone
20-413,Dark Blue Zone
20-414,Dark Blue Zone
20-415,Dark Blue Zone
20-416,Dark Blue Zone
20-417,Dark Blue Zone
20-418,Dark Blue Zone
20-419,Dark Blue Zone
20-420,Dark Blue Zone
20-421,Dark Blue Zone
20-422,Dark Blue Zone
20-571,Green Zone
20-572,Green Zone
20-573,Dark Blue Zone
20-574,Dark Blue Zone
20-575,Green Zone
20-576,Dark Blue Zone
20-577,Green Zone
20-578,Green Zone
20-579,Dark Blue Zone
20-580,Light Blue Zone
20-581,Dark Blue Zone
21-031,
21-032,Dark Blue Zone
21-033,
21-034,
20-328c,Dark Blue Zone
20-328d,Dark Blue Zone
20-328e,Dark Blue Zone
20-328f,Dark Blue Zone
20-329,Dark Blue Zone
20-330,Dark Blue Zone
20-331,Dark Blue Zone
20-332,Dark Blue Zone
20-333,Dark Blue Zone
20-334,Dark Blue Zone
20-423,Dark Blue Zone
20-424,Dark Blue Zone
20-425,Dark Blue Zone
20-426,Dark Blue Zone
20-427,Dark Blue Zone
20-428,Dark Blue Zone
20-429,Dark Blue Zone
20-430,Dark Blue Zone
20-431,Dark Blue Zone
20-432,Dark Blue Zone
20-582,Green Zone
20-583,Green Zone
20-585,Green Zone
20-586,Green Zone
20-587,Green Zone
20-588,Green Zone
20-589,Dark Blue Zone
20-590,Dark Blue Zone
20-591,Dark Blue Zone
20-592,Dark Blue Zone
20-593,Dark Blue Zone
20-594,Dark Blue Zone
20-595,Dark Blue Zone
21-035,Dark Blue Zone
21-036a,Dark Blue Zone
21-036b,Dark Blue Zone
21-036c,Dark Blue Zone
21-037,
20-335,Dark Blue Zone
20-336,Dark Blue Zone
20-337,Dark Blue Zone
20-338,Dark Blue Zone
20-433,Dark Blue Zone
20-434,Dark Blue Zone
20-435,Dark Blue Zone
20-436,Dark Blue Zone
20-437,Dark Blue Zone
20-438,Dark Blue Zone
20-439,Dark Blue Zone
20-440,Dark Blue Zone
20-441,Dark Blue Zone
20-442,Dark Blue Zone
20-443,Dark Blue Zone
20-596,Dark Blue Zone
20-597,Dark Blue Zone
20-598,Dark Blue Zone
20-599,Dark Blue Zone
20-600,Dark Blue Zone
20-601,Dark Blue Zone
20-602,Dark Blue Zone
20-603,Dark Blue Zone
20-604,Dark Blue Zone
20-605,Dark Blue Zone
20-607,Green Zone
21-039,
21-040,
21-041,Dark Blue Zone
21-043,Dark Blue Zone
21-044,
20-339a,Dark Blue Zone
20-339b,Dark Blue Zone
20-340,Dark Blue Zone
20-341,Dark Blue Zone
20-234a,Dark Blue Zone
20-234b,Dark Blue Zone
20-234c,Dark Blue Zone
20-279b,Yellow Zone
20-279c,Yellow Zone
20-280,
20-282,Yellow Zone
20-283,Yellow Zone
20-284,Yellow Zone
20-102i,Green Zone
20-102e,Green Zone
20-102f,Green Zone
20-184,Dark Blue Zone
20-185a,Dark Blue Zone
20-185b,Dark Blue Zone
20-234d,Dark Blue Zone
20-234e,Dark Blue Zone
20-234f,Dark Blue Zone
20-234g,Dark Blue Zone
20-285,Yellow Zone
20-286,Dark Blue Zone
20-287,Dark Blue Zone
20-288,Dark Blue Zone
20-102g,Green Zone
20-102h,Green Zone
20-102k,Green Zone
20-102j,Yellow Zone
20-102l,Green Zone
20-103,Dark Blue Zone
20-185c,Dark Blue Zone
20-186,Dark Blue Zone
20-187,Dark Blue Zone
20-188,Dark Blue Zone
20-189,Dark Blue Zone
20-234h,Dark Blue Zone
20-235,Dark Blue Zone
20-236,Dark Blue Zone
20-237a,Dark Blue Zone
20-237b,Yellow Zone
20-289,
20-290a,
20-290b,Dark Blue Zone
20-291,Dark Blue Zone
20-105,Dark Blue Zone
20-106a,Green Zone
20-106b,Green Zone
20-106c,Green Zone
20-106d,Green Zone
20-107,Green Zone
20-108,Green Zone
20-109,Green Zone
20-190,Dark Blue Zone
20-191,Dark Blue Zone
20-192,Dark Blue Zone
20-193,Dark Blue Zone
20-194a,Dark Blue Zone
20-194b,Dark Blue Zone
20-237c,Dark Blue Zone
20-237d,Green Zone
20-237e,Dark Blue Zone
20-237f,Yellow Zone
20-237g,Yellow Zone
20-292,
20-293,Dark Blue Zone
20-294,Dark Blue Zone
20-110,Green Zone
20-111,Green Zone
20-112,Green Zone
20-113,Dark Blue Zone
20-114,Dark Blue Zone
20-194c,Dark Blue Zone
20-195,Green Zone
20-196,Green Zone
20-197,Dark Blue Zone
20-511,Green Zone
20-238,
20-239,
20-082,
20-083,Dark Blue Zone
20-115,Dark Blue Zone
20-116,Green Zone
20-117,Green Zone
20-118,Dark Blue Zone
20-119,Dark Blue Zone
20-120,Dark Blue Zone
20-121,Dark Blue Zone
20-122,Dark Blue Zone
20-199,Green Zone
20-200,Dark Blue Zone
20-201,Dark Blue Zone
20-202,Dark Blue Zone
20-203,
20-204a,Light Blue Zone
20-241,Dark Blue Zone
20-242,
20-243,
20-244,Dark Blue Zone
20-085,
20-123,Dark Blue Zone
20-124,Dark Blue Zone
20-125,Dark Blue Zone
20-126,Dark Blue Zone
20-127,Dark Blue Zone
20-1271,Light Blue Zone
20-204b,Light Blue Zone
20-205,Yellow Zone
20-206,Yellow Zone
20-245,Dark Blue Zone
20-246,
20-086,Yellow Zone
20-128,Green Zone
20-129,Green Zone
20-130,Dark Blue Zone
20-131,Dark Blue Zone
20-207,
20-208,
20-247,Dark Blue Zone
20-248,Dark Blue Zone
20-249,Dark Blue Zone
20-250,Dark Blue Zone
20-251,Dark Blue Zone
20-252,Yellow Zone
20-087,
20-088,Dark Blue Zone
20-132,Dark Blue Zone
20-209,
20-210,Dark Blue Zone
20-211,Light Blue Zone
20-212,Light Blue Zone
20-213,Dark Blue Zone
20-253a,Yellow Zone
20-253b,Dark Blue Zone
20-253c,Dark Blue Zone
20-253d,Dark Blue Zone
20-089,Yellow Zone
20-134,Green Zone
20-135,Pink Zone
20-136,Green Zone
20-214,Dark Blue Zone
20-215,Dark Blue Zone
20-216,Green Zone
20-217,Green Zone
20-218,Green Zone
20-219a,Green Zone
20-254,Yellow Zone
20-255,Yellow Zone
20-257a,Dark Blue Zone
20-090a,Yellow Zone
20-090b,Yellow Zone
20-090c,Yellow Zone
20-090d,Green Zone
20-137,Green Zone
20-138,Green Zone
20-139,Green Zone
20-140,Green Zone
20-141,Green Zone
20-219b,Green Zone
20-220,Light Blue Zone
20-257b,Dark Blue Zone
20-258,Dark Blue Zone
20-259,Dark Blue Zone
20-260,Dark Blue Zone
20-261,
20-090e,Yellow Zone
20-091,
20-092,
20-142,Green Zone
20-143,Dark Blue Zone
20-144,Dark Blue Zone
20-145,Dark Blue Zone
20-146,Dark Blue Zone
20-147,Green Zone
20-221,
20-222,Dark Blue Zone
20-223,Yellow Zone
20-224,Yellow Zone
20-262a,Dark Blue Zone
20-262b,Dark Blue Zone
20-263,Dark Blue Zone
20-264,
20-093,
20-148,Green Zone
20-149,Green Zone
20-150,Green Zone
20-151,Green Zone
20-152,Green Zone
20-153,Green Zone
20-154,Dark Blue Zone
20-155,Green Zone
20-156,Green Zone
20-157,Green Zone
20-158,Green Zone
20-159,Green Zone
20-160,Green Zone
20-225,Yellow Zone
20-226,Yellow Zone
20-266,
20-267,Green Zone
20-268,Yellow Zone
20-269,
20-095,
20-096,
20-161,Green Zone
20-162,Green Zone
20-163,Green Zone
20-164,Green Zone
20-165,Green Zone
20-166,Green Zone
20-227,
20-228,Yellow Zone
20-270a,Green Zone
20-098,Yellow Zone
20-099,Yellow Zone
20-167,Dark Blue Zone
20-168,Green Zone
20-170,Dark Blue Zone
20-171,Dark Blue Zone
20-229,
20-230,Yellow Zone
20-270b,Yellow Zone
20-272,Dark Blue Zone
20-273,Dark Blue Zone
20-274,Green Zone
20-275,Light Blue Zone
20-276,Dark Blue Zone
20-100,Green Zone
20-101,Yellow Zone
20-102a,
20-172,Dark Blue Zone
20-173,Dark Blue Zone
20-174,Dark Blue Zone
20-175,Dark Blue Zone
20-176,Dark Blue Zone
20-177,Dark Blue Zone
20-178,Dark Blue Zone
20-231,
20-232,
20-277a,Green Zone
20-277b,Yellow Zone
20-277c,Yellow Zone
20-279a,Yellow Zone
20-102b,Yellow Zone
20-102c,Yellow Zone
20-102d,Yellow Zone
20-104,Dark Blue Zone
20-179,Dark Blue Zone
20-180,Dark Blue Zone
20-181,Dark Blue Zone
20-182,Dark Blue Zone
20-183,Dark Blue Zone
20-233,
21-686,Light Blue Zone
21-687,Light Blue Zone
21-688,Light Blue Zone
21-689,Dark Blue Zone
21-690,Light Blue Zone
21-691,Light Blue Zone
21-692,Dark Blue Zone
21-693,Light Blue Zone
21-694,Light Blue Zone
21-695,Light Blue Zone
21-696,Light Blue Zone
22-015,
22-016,Dark Blue Zone
22-017,Green Zone
22-018,Dark Blue Zone
22-019,Dark Blue Zone
21-480,Dark Blue Zone
21-481,Dark Blue Zone
21-482,Dark Blue Zone
21-483,Dark Blue Zone
21-484,Dark Blue Zone
21-485,Dark Blue Zone
21-486,Dark Blue Zone
21-552,Green Zone
21-553,Dark Blue Zone
21-554,Dark Blue Zone
21-555,Green Zone
21-556,Pink Zone
21-557,Green Zone
21-697,Light Blue Zone
21-698,Green Zone
21-699,Light Blue Zone
21-700,Green Zone
21-701,Green Zone
21-702,Light Blue Zone
21-703,Light Blue Zone
21-704,Dark Blue Zone
21-705,Dark Blue Zone
21-706,Green Zone
21-707,Dark Blue Zone
21-487,Dark Blue Zone
21-488,Dark Blue Zone
21-489,Dark Blue Zone
21-490,Dark Blue Zone
21-491,Dark Blue Zone
21-558,Green Zone
21-559,Green Zone
21-560,Green Zone
21-561,Green Zone
21-708,Light Blue Zone
21-709,Green Zone
21-710,Dark Blue Zone
21-711,Light Blue Zone
21-712,Dark Blue Zone
21-713,Dark Blue Zone
21-714,Green Zone
21-715,Green Zone
21-716,Light Blue Zone
21-717,Light Blue Zone
21-718,Light Blue Zone
22-020,
22-021a,Dark Blue Zone
22-021b,Dark Blue Zone
21-492,Dark Blue Zone
21-493,Light Blue Zone
21-494,Dark Blue Zone
21-495,Pink Zone
21-562,Dark Blue Zone
21-563,Green Zone
21-564,Green Zone
21-565,Dark Blue Zone
21-719,Light Blue Zone
21-720,Light Blue Zone
21-721,Dark Blue Zone
21-722,Dark Blue Zone
21-723,Dark Blue Zone
21-724,Green Zone
21-725,Dark Blue Zone
21-726,Dark Blue Zone
22-024,Green Zone
22-026,Green Zone
22-027,
22-028,
22-029,
22-030,Dark Blue Zone
21-496,Green Zone
21-497,Dark Blue Zone
21-498,Dark Blue Zone
21-499,Green Zone
21-566,Dark Blue Zone
21-567,Dark Blue Zone
21-568,Dark Blue Zone
21-569,Dark Blue Zone
21-570,Dark Blue Zone
21-571,Dark Blue Zone
21-572,Dark Blue Zone
21-727,Dark Blue Zone
21-728,Dark Blue Zone
21-729,Green Zone
21-730,Dark Blue Zone
21-731,Dark Blue Zone
21-732,Dark Blue Zone
21-733,Green Zone
21-734,Dark Blue Zone
21-735,Dark Blue Zone
21-421,
21-500,Dark Blue Zone
21-501,Green Zone
21-502,Green Zone
21-503,Light Blue Zone
21-573,Dark Blue Zone
21-574,Dark Blue Zone
21-575,Dark Blue Zone
21-576,Dark Blue Zone
21-577,Dark Blue Zone
21-578,Dark Blue Zone
21-579,Dark Blue Zone
21-736,Green Zone
21-737,Dark Blue Zone
21-738,Dark Blue Zone
21-739,Dark Blue Zone
21-740,Dark Blue Zone
21-741,Dark Blue Zone
21-742,Dark Blue Zone
21-743,Dark Blue Zone
21-744,Dark Blue Zone
21-423a,Dark Blue Zone
21-423b,Dark Blue Zone
21-424,
21-425a,Dark Blue Zone
21-425b,Dark Blue Zone
21-504,Dark Blue Zone
21-505,Dark Blue Zone
21-506,Dark Blue Zone
21-580,Dark Blue Zone
21-581,Green Zone
21-582,Dark Blue Zone
21-583,Green Zone
21-584,Green Zone
21-585,Green Zone
21-745,Dark Blue Zone
21-746,Dark Blue Zone
21-747,Dark Blue Zone
21-748,Dark Blue Zone
21-749,Dark Blue Zone
21-750,Dark Blue Zone
21-751,Dark Blue Zone
21-752,Dark Blue Zone
21-428,Commonwealth Island Zone
21-430,
21-507,Pink Zone
21-508,Dark Blue Zone
21-509,Green Zone
21-510,Green Zone
21-511,Green Zone
21-586,Dark Blue Zone
21-587,Green Zone
21-588,Green Zone
21-589,Green Zone
21-590,Green Zone
21-591,Dark Blue Zone
21-592,Green Zone
21-753,Dark Blue Zone
21-754,Dark Blue Zone
21-755,Dark Blue Zone
21-756,Dark Blue Zone
21-757,Green Zone
21-758,Dark Blue Zone
21-759,Dark Blue Zone
21-760,Green Zone
21-431,
21-432,Green Zone
21-433,Green Zone
21-434,Green Zone
21-512,Green Zone
21-513,Dark Blue Zone
21-514,Green Zone
21-593,Dark Blue Zone
21-594,Dark Blue Zone
21-595,Dark Blue Zone
21-596,Dark Blue Zone
21-597,Dark Blue Zone
21-598,Dark Blue Zone
21-599,Green Zone
21-600,Dark Blue Zone
21-601,Dark Blue Zone
21-761,Green Zone
21-762,Dark Blue Zone
21-763,Dark Blue Zone
21-764,Dark Blue Zone
21-768,Dark Blue Zone
21-769,Dark Blue Zone
21-770,Dark Blue Zone
21-771,Dark Blue Zone
21-772,Dark Blue Zone
21-773,Dark Blue Zone
21-774,Dark Blue Zone
21-775,Dark Blue Zone
21-435,Pink Zone
21-436,Dark Blue Zone
21-437,Dark Blue Zone
21-438,Dark Blue Zone
21-439,Dark Blue Zone
21-515,Dark Blue Zone
21-516,Dark Blue Zone
21-517,Green Zone
21-518,Green Zone
21-602,Dark Blue Zone
21-603,Dark Blue Zone
21-604,Dark Blue Zone
21-605,Dark Blue Zone
21-606,Dark Blue Zone
21-607,Dark Blue Zone
21-608,Dark Blue Zone
21-609,Green Zone
21-610,Dark Blue Zone
21-611,Green Zone
21-612,Dark Blue Zone
21-613,Dark Blue Zone
21-776,Dark Blue Zone
21-777,Green Zone
21-778,Dark Blue Zone
21-779,Green Zone
21-780,Green Zone
21-781,Green Zone
21-782,Dark Blue Zone
21-783,Dark Blue Zone
21-784,Dark Blue Zone
21-785,Dark Blue Zone
21-786,Dark Blue Zone
21-440,Green Zone
21-441,Dark Blue Zone
21-442,Dark Blue Zone
21-443,Dark Blue Zone
21-444,Green Zone
21-445,Dark Blue Zone
21-446,Dark Blue Zone
21-447,Dark Blue Zone
21-519,Green Zone
21-520,Green Zone
21-521,Green Zone
21-522,Green Zone
21-523,Green Zone
21-614,Dark Blue Zone
21-615,Dark Blue Zone
21-616,Dark Blue Zone
21-617,Green Zone
21-618,Dark Blue Zone
21-619,Dark Blue Zone
21-620,Dark Blue Zone
21-621,Dark Blue Zone
21-622,Dark Blue Zone
21-623,Dark Blue Zone
21-787,Dark Blue Zone
21-788,Dark Blue Zone
21-789,Dark Blue Zone
21-791,Dark Blue Zone
21-792,Dark Blue Zone
21-793,Dark Blue Zone
21-794,Dark Blue Zone
21-795,Dark Blue Zone
21-796,Dark Blue Zone
21-797,Dark Blue Zone
21-798,Dark Blue Zone
21-799,Dark Blue Zone
21-448,Green Zone
21-449,Green Zone
21-450,Green Zone
21-451,Dark Blue Zone
21-452,Green Zone
21-453,Dark Blue Zone
21-524,Green Zone
21-525,Green Zone
21-526,Green Zone
21-527,Dark Blue Zone
21-528,Green Zone
21-529,Pink Zone
21-530,Dark Blue Zone
21-624,Dark Blue Zone
21-625,Dark Blue Zone
21-626,Dark Blue Zone
21-627,Dark Blue Zone
21-628,Dark Blue Zone
21-629,Green Zone
21-630,Dark Blue Zone
21-800,Dark Blue Zone
21-801,Dark Blue Zone
21-804,Dark Blue Zone
21-805,Green Zone
21-806,Dark Blue Zone
21-807,Dark Blue Zone
21-808,Dark Blue Zone
21-809,Dark Blue Zone
21-810,Green Zone
21-454,Dark Blue Zone
21-455,Dark Blue Zone
21-456,Dark Blue Zone
21-457,Dark Blue Zone
21-458,Dark Blue Zone
21-459,Dark Blue Zone
21-531,Dark Blue Zone
21-532,Green Zone
21-533,Green Zone
21-534,Green Zone
21-535,Green Zone
21-536,Dark Blue Zone
21-537,Dark Blue Zone
21-631,Dark Blue Zone
21-632,Dark Blue Zone
21-633,Dark Blue Zone
21-634,Green Zone
21-635,Dark Blue Zone
21-636,Dark Blue Zone
21-637,Dark Blue Zone
21-638,Dark Blue Zone
21-639,Green Zone
21-640,Green Zone
21-641,Green Zone
21-642,Dark Blue Zone
21-811,Dark Blue Zone
21-812,Dark Blue Zone
21-813,Dark Blue Zone
21-814,Green Zone
21-815,Dark Blue Zone
21-816,Dark Blue Zone
21-817,Dark Blue Zone
21-818,Dark Blue Zone
21-819,Dark Blue Zone
21-820,Dark Blue Zone
21-821,Green Zone
21-822,Dark Blue Zone
21-465,Dark Blue Zone
21-466,Dark Blue Zone
21-467,Dark Blue Zone
21-538,Dark Blue Zone
21-539,Dark Blue Zone
21-540,Dark Blue Zone
21-541,Dark Blue Zone
21-542,Dark Blue Zone
21-543,Dark Blue Zone
21-643,Green Zone
21-644,Green Zone
21-645,Dark Blue Zone
21-655,Green Zone
21-656,Green Zone
21-657,Green Zone
21-658,Green Zone
21-659,Dark Blue Zone
21-660,Dark Blue Zone
21-661,Dark Blue Zone
21-663,Dark Blue Zone
21-823,Green Zone
21-824,Dark Blue Zone
21-825,Dark Blue Zone
21-826,Green Zone
21-827,Green Zone
21-828,Green Zone
21-460,Dark Blue Zone
21-461,Dark Blue Zone
21-462,Dark Blue Zone
21-463,Dark Blue Zone
21-464,Dark Blue Zone
21-544,Green Zone
21-545,Dark Blue Zone
21-546,Dark Blue Zone
21-547,Green Zone
21-664,Dark Blue Zone
21-665,Dark Blue Zone
21-666,Dark Blue Zone
21-667,Dark Blue Zone
21-668,Light Blue Zone
21-669,Light Blue Zone
21-670,Dark Blue Zone
21-671,Light Blue Zone
21-672,Dark Blue Zone
21-673,Dark Blue Zone
21-674,Light Blue Zone
22-003a,Green Zone
22-003b,Green Zone
22-005,Green Zone
21-468,Dark Blue Zone
21-469,Dark Blue Zone
21-470,Dark Blue Zone
21-471,Dark Blue Zone
21-472,Dark Blue Zone
21-473,Dark Blue Zone
21-474,Dark Blue Zone
21-548,Dark Blue Zone
21-549,Dark Blue Zone
21-550,Dark Blue Zone
21-551,Green Zone
21-675,Dark Blue Zone
21-676,Light Blue Zone
21-677,Dark Blue Zone
21-678,Light Blue Zone
21-679,Light Blue Zone
21-680,Light Blue Zone
21-681,Light Blue Zone
21-682,Light Blue Zone
21-683,Light Blue Zone
21-684,Light Blue Zone
21-685,Light Blue Zone
22-007,Green Zone
22-008,Dark Blue Zone
22-009,Dark Blue Zone
22-010,Dark Blue Zone
22-012,Dark Blue Zone
22-013,Dark Blue Zone
22-014,Dark Blue Zone
21-475,Dark Blue Zone
21-476,Dark Blue Zone
21-477,Dark Blue Zone
21-478,Dark Blue Zone
21-479,Dark Blue Zone
21-294,Green Zone
21-295,Green Zone
21-296,Green Zone
21-297a,Green Zone
21-297b,Green Zone
21-396,Dark Blue Zone
21-398,Dark Blue Zone
21-399,Dark Blue Zone
21-401,Dark Blue Zone
21-402,
21-124,Dark Blue Zone
21-125,Dark Blue Zone
21-126,Dark Blue Zone
21-127a,Dark Blue Zone
21-127b,Dark Blue Zone
21-208,Green Zone
21-209,Green Zone
21-210,Green Zone
21-211,Green Zone
21-212,Green Zone
21-213,Green Zone
21-297c,Green Zone
21-297d,Green Zone
21-298,Green Zone
21-299,Green Zone
21-300a,Green Zone
21-300b,Green Zone
21-301,Dark Blue Zone
21-302,Dark Blue Zone
21-403a,Dark Blue Zone
21-403b,Dark Blue Zone
21-406,Dark Blue Zone
21-128,Dark Blue Zone
21-129,Green Zone
21-214,Dark Blue Zone
21-215,Green Zone
21-216,Green Zone
21-217,Green Zone
21-218,Green Zone
21-219,Pink Zone
21-220,Green Zone
21-303,Dark Blue Zone
21-304,Dark Blue Zone
21-305,Dark Blue Zone
21-306,Dark Blue Zone
21-307,
21-414a,Green Zone
21-414b,Green Zone
21-415,Dark Blue Zone
21-130,Green Zone
21-131,Green Zone
21-132,Green Zone
21-133,Green Zone
21-134,Green Zone
21-221,Green Zone
21-222,Pink Zone
21-223,Green Zone
21-224,Dark Blue Zone
21-225,Dark Blue Zone
21-226,Green Zone
21-227,Green Zone
21-308,
21-309,Dark Blue Zone
21-310,Dark Blue Zone
21-312,Dark Blue Zone
21-313,
21-314,Dark Blue Zone
21-315,Dark Blue Zone
21-316,
21-417,Green Zone
21-418a,Dark Blue Zone
21-418b,Dark Blue Zone
21-135,Green Zone
21-136,Green Zone
21-137,Green Zone
21-138,Green Zone
21-139,Green Zone
21-228,Green Zone
21-229,Green Zone
21-230,Green Zone
21-231,Green Zone
21-232,Dark Blue Zone
21-233,Dark Blue Zone
21-234,Green Zone
21-235,Dark Blue Zone
21-317,Green Zone
21-318,
21-319,Green Zone
21-320,Green Zone
21-322,Green Zone
21-324a,Dark Blue Zone
21-324b,Dark Blue Zone
21-059,
21-060,Dark Blue Zone
21-061,Dark Blue Zone
21-140,Green Zone
21-141,Green Zone
21-142,Dark Blue Zone
21-143,Dark Blue Zone
21-144,Dark Blue Zone
21-236,Green Zone
21-237,Dark Blue Zone
21-238,Dark Blue Zone
21-325,
21-326,Dark Blue Zone
21-327,
21-328,Dark Blue Zone
21-329,Dark Blue Zone
21-331,
21-062,Dark Blue Zone
21-063,Dark Blue Zone
21-064,Dark Blue Zone
21-065,Dark Blue Zone
21-066,Dark Blue Zone
21-067,Dark Blue Zone
21-145a,Dark Blue Zone
21-145b,Dark Blue Zone
21-145c,Dark Blue Zone
21-146,Dark Blue Zone
21-147,Dark Blue Zone
21-239,Dark Blue Zone
21-240,Dark Blue Zone
21-241,Dark Blue Zone
21-242a,Dark Blue Zone
21-242b,Dark Blue Zone
21-333,
21-334,Dark Blue Zone
21-336,Dark Blue Zone
21-337,Dark Blue Zone
21-338,Dark Blue Zone
21-068,Dark Blue Zone
21-069,Dark Blue Zone
21-070,Dark Blue Zone
21-071,
21-148,Dark Blue Zone
21-149,Dark Blue Zone
21-150,Dark Blue Zone
21-151,Dark Blue Zone
21-242c,Dark Blue Zone
21-243,Dark Blue Zone
21-244,Dark Blue Zone
21-245,Dark Blue Zone
21-246,Dark Blue Zone
21-247,Dark Blue Zone
21-339,
21-340,Dark Blue Zone
21-341,Dark Blue Zone
21-342,Dark Blue Zone
21-345,
21-346,Dark Blue Zone
21-347,Dark Blue Zone
21-072,Dark Blue Zone
21-073,Dark Blue Zone
21-074,Dark Blue Zone
21-075,Dark Blue Zone
21-152,Dark Blue Zone
21-153,Dark Blue Zone
21-154,Dark Blue Zone
21-155,Green Zone
21-156,Green Zone
21-157,Green Zone
21-158,Green Zone
21-248,Dark Blue Zone
21-249,Dark Blue Zone
21-250a,Dark Blue Zone
21-250b,Dark Blue Zone
21-251,Dark Blue Zone
21-252,Dark Blue Zone
21-348,Dark Blue Zone
21-349a,Green Zone
21-349b,Green Zone
21-350,Dark Blue Zone
21-351,Dark Blue Zone
21-352,Dark Blue Zone
21-076,Dark Blue Zone
21-077,Dark Blue Zone
21-078,Dark Blue Zone
21-079,Dark Blue Zone
21-080,Dark Blue Zone
21-159,Green Zone
21-160,Dark Blue Zone
21-161,Green Zone
21-162,Dark Blue Zone
21-163,Dark Blue Zone
21-164,Dark Blue Zone
21-165,Green Zone
21-253,Dark Blue Zone
21-254,Dark Blue Zone
21-255,Dark Blue Zone
21-256,Green Zone
21-257,Dark Blue Zone
21-355,Dark Blue Zone
21-356,
21-358a,Dark Blue Zone
21-358b,Dark Blue Zone
21-359,
21-360,Green Zone
21-081,Dark Blue Zone
21-082,Dark Blue Zone
21-083,Dark Blue Zone
21-084,Dark Blue Zone
21-085,Dark Blue Zone
21-086,Dark Blue Zone
21-166,Dark Blue Zone
21-167,Dark Blue Zone
21-168,Dark Blue Zone
21-169,Green Zone
21-170,Green Zone
21-171,Dark Blue Zone
21-258,Dark Blue Zone
21-259,Dark Blue Zone
21-260,Dark Blue Zone
21-361,Dark Blue Zone
21-362,Dark Blue Zone
21-363,Dark Blue Zone
21-364,Green Zone
21-365a,Dark Blue Zone
21-365b,Dark Blue Zone
21-366,Dark Blue Zone
21-087,Dark Blue Zone
21-088,Dark Blue Zone
21-089,Dark Blue Zone
21-090,Dark Blue Zone
21-091,Dark Blue Zone
21-092,Dark Blue Zone
21-172,Green Zone
21-173,Dark Blue Zone
21-174,Green Zone
21-175,Dark Blue Zone
21-261,Dark Blue Zone
21-262a,Dark Blue Zone
21-262b,Dark Blue Zone
21-263,Dark Blue Zone
21-264,Dark Blue Zone
21-367,
21-368,Dark Blue Zone
21-369,Green Zone
21-370,Dark Blue Zone
21-372,
21-373,Light Blue Zone
21-093,Dark Blue Zone
21-094,Dark Blue Zone
21-095,Dark Blue Zone
21-096,Dark Blue Zone
21-097,Dark Blue Zone
21-098,Dark Blue Zone
21-099,Dark Blue Zone
21-100,Dark Blue Zone
21-176,Dark Blue Zone
21-177,Green Zone
21-178,Dark Blue Zone
21-179,Green Zone
21-180,Dark Blue Zone
21-181,Dark Blue Zone
21-265,Dark Blue Zone
21-266,Dark Blue Zone
21-267,Dark Blue Zone
21-268,Dark Blue Zone
21-269,Dark Blue Zone
21-374,Dark Blue Zone
21-375,Green Zone
21-377,Green Zone
21-378,Dark Blue Zone
21-379,
21-101,Dark Blue Zone
21-829a,Green Zone
21-829b,Green Zone
21-829c,Green Zone
21-102,Dark Blue Zone
21-103,Dark Blue Zone
21-182,Dark Blue Zone
21-183,Dark Blue Zone
21-184,Dark Blue Zone
21-185,Dark Blue Zone
21-186,Dark Blue Zone
21-187,Dark Blue Zone
21-270,Dark Blue Zone
21-271,Dark Blue Zone
21-272,Dark Blue Zone
21-273,Green Zone
21-274,Green Zone
21-275,Green Zone
21-380,Green Zone
21-381,
21-382,
21-383,Green Zone
21-104,Dark Blue Zone
21-105,Dark Blue Zone
21-106,Dark Blue Zone
21-107,Dark Blue Zone
21-108,Dark Blue Zone
21-109,Dark Blue Zone
21-110,Dark Blue Zone
21-111,Dark Blue Zone
21-112,Dark Blue Zone
21-188,Dark Blue Zone
21-189,Dark Blue Zone
21-190,Dark Blue Zone
21-191,Dark Blue Zone
21-192,Green Zone
21-276,Green Zone
21-277,Green Zone
21-278,Green Zone
21-279,Green Zone
21-280,Green Zone
21-281,Dark Blue Zone
21-386,Green Zone
21-387,
21-389,Dark Blue Zone
21-113a,Dark Blue Zone
21-113b,Dark Blue Zone
21-113c,Dark Blue Zone
21-113d,Dark Blue Zone
21-113e,Dark Blue Zone
21-114a,Dark Blue Zone
21-114b,Dark Blue Zone
21-114c,Dark Blue Zone
21-115,Dark Blue Zone
21-116,Dark Blue Zone
21-193,Green Zone
21-194,Green Zone
21-195,Green Zone
21-196,Dark Blue Zone
21-197,Dark Blue Zone
21-198,Green Zone
21-199,Green Zone
21-200,Green Zone
21-282,Dark Blue Zone
21-283,Green Zone
21-284,Green Zone
21-285,Green Zone
21-286,Dark Blue Zone
21-287,Dark Blue Zone
21-288,Dark Blue Zone
21-391,Dark Blue Zone
21-391d,Dark Blue Zone
21-392,
21-394,
21-117,Dark Blue Zone
21-118,Dark Blue Zone
21-119,Dark Blue Zone
21-120,Dark Blue Zone
21-121,Dark Blue Zone
21-122,Dark Blue Zone
21-123,Dark Blue Zone
21-201,Green Zone
21-202,Green Zone
21-203,Green Zone
21-204,Green Zone
21-205,Green Zone
21-206,Green Zone
21-207,
21-289a,Dark Blue Zone
21-289b,Dark Blue Zone
21-290,Dark Blue Zone
21-291,Dark Blue Zone
21-292,Dark Blue Zone
21-293,Dark Blue Zone
99-464,
99-465,
99-466,
99-467,
99-469,
99-470,
99-472,
99-473,
99-474,
99-475,
99-477,
99-478,
99-480,
99-482,
99-484,
99-486,
99-488,
99-491,
99-492,
99-495,
99-496,
99-497,
99-498,
99-300,
99-302,
99-303a,
99-303b,
99-303c,
99-499,
99-500,
99-501,
99-503,
99-504,
99-505,
99-506,
99-507,
99-508,
99-509,
99-510,
99-511,
99-304,
99-305,
99-306,
99-311,
99-312,
99-345,
99-346,
99-512,
99-513,
99-514,
99-515,
99-517,
99-518,
99-347,
99-379,
99-380,
99-383,
99-388,
99-519,
99-520,
99-521a,
99-521b,
99-522,
99-395,
99-396,
99-398,
99-399,
99-523,
99-524,
99-525,
99-526,
99-527,
99-529,
99-401,
99-402,
99-403,
99-404,
99-405,
99-406,
99-407,
99-530a,
99-530b,
99-532,
99-533,
99-535,
99-536,
99-537,
99-408,
99-411,
99-413,
99-414,
99-415,
99-416,
99-417,
99-418,
99-419,
99-420,
99-540,
99-809,
99-421,
99-422,
99-423,
99-424,
99-425,
99-426,
99-427,
99-428,
99-429,
99-430,
16-118,Green Zone
20-006,Dark Blue Zone
11-222a,Green Zone
99-432,
99-434,
99-435,
99-436,
99-437,
99-438,
99-439,
99-440,
99-441,
99-442,
99-443,
99-444,
99-445,
99-446,
99-447,
99-448,
99-450,
99-453,
99-455a,
99-455b,
99-455c,
99-456,
99-457,
99-458a,
99-458b,
99-459,
99-460,
99-461,
23-050,Yellow Zone
23-051,Pink Zone
24-003,Dark Blue Zone
24-006,Green Zone
22-082,Commonwealth Island Zone
22-083,Commonwealth Island Zone
22-084,Green Zone
22-085,Dark Blue Zone
22-086,Green Zone
22-167,Green Zone
23-052a,Yellow Zone
23-052b,Yellow Zone
23-053,Yellow Zone
24-008,Commonwealth Island Zone
24-009a,Dark Blue Zone
24-009b,Dark Blue Zone
24-009c,Dark Blue Zone
24-010,Green Zone
24-011,
24-012,
22-087,Dark Blue Zone
22-088a,Dark Blue Zone
22-088b,Dark Blue Zone
22-089,Dark Blue Zone
22-816,Light Blue Zone
22-817,Light Blue Zone
23-054,Yellow Zone
23-055a,Orange Zone
23-055b,Yellow Zone
23-055c,Yellow Zone
23-056,Yellow Zone
22-090,Dark Blue Zone
22-091,Dark Blue Zone
22-092,Dark Blue Zone
22-093,Dark Blue Zone
22-094,Dark Blue Zone
22-818,Light Blue Zone
22-819,Light Blue Zone
22-820,Light Blue Zone
22-821,Dark Blue Zone
22-822,Light Blue Zone
22-823,Dark Blue Zone
22-824,Dark Blue Zone
22-825,Dark Blue Zone
22-826,Dark Blue Zone
22-827,Dark Blue Zone
23-057,Yellow Zone
23-058,Dark Blue Zone
23-059a,
23-059b,Dark Blue Zone
23-059c,Green Zone
22-095,Dark Blue Zone
22-096,Dark Blue Zone
22-097,Dark Blue Zone
22-098,Dark Blue Zone
22-828,Light Blue Zone
22-829,Light Blue Zone
22-830,Light Blue Zone
22-831,Light Blue Zone
22-832,Light Blue Zone
22-833,Light Blue Zone
22-834,Light Blue Zone
22-835,Light Blue Zone
22-836,Light Blue Zone
22-837,Light Blue Zone
22-838,Light Blue Zone
23-059d,Dark Blue Zone
23-060,
23-061a,Dark Blue Zone
23-061b,
23-061c,Dark Blue Zone
23-061d,Dark Blue Zone
22-031,
22-032,
22-033,Dark Blue Zone
22-099,Dark Blue Zone
22-100,Light Blue Zone
22-101,Dark Blue Zone
22-839,Light Blue Zone
22-840,Dark Blue Zone
22-841,Green Zone
22-842,Green Zone
22-843,Green Zone
22-844,Green Zone
22-845,Dark Blue Zone
22-846,Light Blue Zone
22-848,Dark Blue Zone
22-849,Dark Blue Zone
23-061e,Dark Blue Zone
23-061f,
23-062,
23-064,Dark Blue Zone
23-065a,
23-065b,
23-066,
23-067a,Dark Blue Zone
23-067b,Dark Blue Zone
23-067c,Dark Blue Zone
22-034,Dark Blue Zone
22-035,Dark Blue Zone
22-036,
22-037,
22-038,Commonwealth Island Zone
22-102,Dark Blue Zone
22-103,Dark Blue Zone
22-104a,Dark Blue Zone
22-104b,Dark Blue Zone
22-104c,Dark Blue Zone
22-850,Dark Blue Zone
22-851,Dark Blue Zone
23-001,Dark Blue Zone
23-002,
23-068,Green Zone
23-069,Yellow Zone
23-070,Green Zone
22-040,Dark Blue Zone
22-041,Dark Blue Zone
22-042,Dark Blue Zone
22-043,Dark Blue Zone
22-044,Dark Blue Zone
22-045,Dark Blue Zone
22-105,Dark Blue Zone
22-106,Dark Blue Zone
22-107,Dark Blue Zone
22-108,Dark Blue Zone
22-109,Dark Blue Zone
22-110,Dark Blue Zone
22-111,Dark Blue Zone
22-112,Dark Blue Zone
23-004a,Green Zone
23-004b,Dark Blue Zone
23-005,Dark Blue Zone
23-006,Dark Blue Zone
23-007,Dark Blue Zone
23-071,Green Zone
23-072,Dark Blue Zone
23-074a,Yellow Zone
23-074b,Yellow Zone
23-074c,Green Zone
23-074d,Green Zone
22-046,Dark Blue Zone
22-047a,Commonwealth Island Zone
22-047b,Dark Blue Zone
22-047c,Dark Blue Zone
22-048,Dark Blue Zone
22-113,Dark Blue Zone
22-114,Dark Blue Zone
22-115,Dark Blue Zone
22-116,Dark Blue Zone
22-117,Dark Blue Zone
22-118,Dark Blue Zone
22-119,Dark Blue Zone
22-120,Dark Blue Zone
23-008,Dark Blue Zone
23-009,Dark Blue Zone
23-010,Green Zone
23-011,Light Blue Zone
23-012a,Dark Blue Zone
23-076,Dark Blue Zone
23-077,Dark Blue Zone
22-049,
22-050,Dark Blue Zone
22-052,
22-121,Dark Blue Zone
22-122,Dark Blue Zone
22-123,Dark Blue Zone
22-124,Dark Blue Zone
22-125,Dark Blue Zone
22-126,Dark Blue Zone
23-012b,Dark Blue Zone
23-012c,Dark Blue Zone
23-012d,Dark Blue Zone
23-012e,Yellow Zone
23-078,Green Zone
23-079,Dark Blue Zone
23-080,Green Zone
22-053a,Commonwealth Island Zone
22-053b,Dark Blue Zone
22-054,Dark Blue Zone
22-055,Dark Blue Zone
22-127,Dark Blue Zone
22-128,Dark Blue Zone
22-129,Dark Blue Zone
22-130,Dark Blue Zone
22-131,Dark Blue Zone
23-014,Dark Blue Zone
23-016,Yellow Zone
23-017,Dark Blue Zone
23-018,Yellow Zone
23-081,Green Zone
22-056,Commonwealth Island Zone
22-057,Dark Blue Zone
22-058,Green Zone
22-060,Commonwealth Island Zone
22-061,Commonwealth Island Zone
22-132,Dark Blue Zone
22-133,Dark Blue Zone
22-134,Dark Blue Zone
22-135,Dark Blue Zone
22-136,Dark Blue Zone
23-019,
23-020,Dark Blue Zone
23-022,Dark Blue Zone
23-023,Dark Blue Zone
23-024,Dark Blue Zone
23-025,Green Zone
23-082a,Green Zone
23-082b,Dark Blue Zone
23-083a,
23-083b,Dark Blue Zone
23-084,
23-085,
22-062,Commonwealth Island Zone
22-063,Green Zone
22-064,Commonwealth Island Zone
22-065,Green Zone
22-137,Dark Blue Zone
22-138,Light Blue Zone
22-139,Dark Blue Zone
22-140,Dark Blue Zone
22-141,Dark Blue Zone
23-026,Pink Zone
23-027,Green Zone
23-028,Dark Blue Zone
23-029,
23-030,
23-086,
23-087,Light Blue Zone
23-088a,Yellow Zone
23-088b,Yellow Zone
23-089,Light Blue Zone
23-090,Dark Blue Zone
22-066,Commonwealth Island Zone
22-067,Commonwealth Island Zone
22-068,Green Zone
22-069,
22-142,Dark Blue Zone
22-143,Dark Blue Zone
22-144,Dark Blue Zone
22-145,Dark Blue Zone
22-146a,Light Blue Zone
22-146b,Dark Blue Zone
23-031a,Dark Blue Zone
23-031b,
23-033,Green Zone
23-034,Dark Blue Zone
23-035,Green Zone
23-036,Dark Blue Zone
22-070,Dark Blue Zone
22-071,
22-073,Commonwealth Island Zone
22-074,Commonwealth Island Zone
22-147a,Green Zone
22-147b,Green Zone
22-148a,Green Zone
22-148b,Green Zone
22-148c,Green Zone
23-037,Light Blue Zone
23-038,Light Blue Zone
23-039,
23-041,Dark Blue Zone
23-042a,Dark Blue Zone
22-075,Dark Blue Zone
22-076,Commonwealth Island Zone
22-077,Yellow Zone
22-149,Commonwealth Island Zone
22-152,
22-153,
22-154,
22-155,
23-042b,Dark Blue Zone
23-043,Dark Blue Zone
23-044,Dark Blue Zone
23-045a,Green Zone
22-078,Commonwealth Island Zone
22-079,Commonwealth Island Zone
22-080,Commonwealth Island Zone
22-081,Commonwealth Island Zone
22-156,Dark Blue Zone
22-157,Green Zone
22-158,Dark Blue Zone
22-159,Dark Blue Zone
22-160,Dark Blue Zone
22-161,Green Zone
22-163,Commonwealth Island Zone
23-045b,Green Zone
23-046,Green Zone
23-047,Green Zone
23-048,Yellow Zone
23-049,Yellow Zone
